rec,date,month,year,kwh_on,kwh_off,kwh_hol,tou_on,tou_off,tod_par,tod_on,tod_off,kvar_peak,run_hour,,,,,,,,,,,,
500,1,4,2022,685.954,106.228,0.001,94.277,24.308,94.277,35.006,24.308,23.373,24.000,,,,,,,,,,,,
499,2,4,2022,0.000,0.000,277.273,0.000,27.346,27.346,17.190,10.594,5.152,24.000,,,,,,,,,,,,
498,3,4,2022,0.000,0.001,222.597,0.000,17.613,16.039,10.334,17.613,3.173,24.000,,,,,,,,,,,,
497,4,4,2022,501.855,93.992,0.000,62.884,15.081,62.884,39.267,18.676,15.771,24.000,,,,,,,,,,,,
496,5,4,2022,494.951,99.235,0.001,69.618,14.971,69.618,39.481,15.299,15.222,24.000,,,,,,,,,,,,
495,6,4,2022,0.000,0.002,373.005,0.000,33.739,33.739,26.514,22.600,7.823,24.000,,,,,,,,,,,,
494,7,4,2022,814.074,127.142,0.000,114.169,26.098,114.169,47.737,26.098,32.578,24.000,,,,,,,,,,,,
493,8,4,2022,719.017,117.745,0.003,87.754,25.105,87.754,49.254,25.105,26.722,24.000,,,,,,,,,,,,
492,9,4,2022,0.000,0.000,364.619,0.000,34.690,34.690,23.750,21.383,5.212,24.000,,,,,,,,,,,,
491,10,4,2022,0.000,0.002,322.568,0.000,31.618,31.618,24.075,15.677,8.355,24.000,,,,,,,,,,,,
490,11,4,2022,730.455,164.196,0.000,94.432,18.635,94.432,51.692,18.635,18.852,24.000,,,,,,,,,,,,
489,12,4,2022,456.940,102.275,0.003,61.927,14.900,61.927,25.436,14.439,19.653,24.000,,,,,,,,,,,,
488,13,4,2022,0.000,0.000,222.078,0.000,25.621,25.621,17.277,13.813,3.379,24.000,,,,,,,,,,,,
487,14,4,2022,0.000,0.000,241.266,0.000,24.376,24.376,10.388,8.377,4.747,24.000,,,,,,,,,,,,
486,15,4,2022,0.000,0.000,235.226,0.000,25.897,25.162,25.897,8.039,4.312,24.000,,,,,,,,,,,,
485,16,4,2022,0.000,0.000,339.792,0.000,37.585,37.585,26.993,21.921,3.985,24.000,,,,,,,,,,,,
484,17,4,2022,0.000,0.001,360.855,0.000,36.318,36.318,23.851,14.359,9.504,24.000,,,,,,,,,,,,
483,18,4,2022,731.284,89.766,0.000,85.719,16.991,85.719,42.605,19.513,21.956,24.000,,,,,,,,,,,,
482,19,4,2022,757.390,97.047,0.000,96.312,17.972,96.312,45.121,26.972,18.992,24.000,,,,,,,,,,,,
481,20,4,2022,824.375,97.482,0.000,98.519,23.944,98.519,48.616,32.388,25.970,24.000,,,,,,,,,,,,
480,21,4,2022,761.711,124.598,0.000,91.696,23.476,91.696,52.340,24.987,19.072,24.000,,,,,,,,,,,,
479,22,4,2022,848.402,141.751,0.002,113.521,18.693,113.521,59.054,20.119,25.174,24.000,,,,,,,,,,,,
478,23,4,2022,0.000,0.000,479.036,0.000,38.612,38.612,28.574,22.612,5.216,24.000,,,,,,,,,,,,
477,24,4,2022,0.000,0.003,537.637,0.000,48.764,48.764,29.670,20.322,10.457,24.000,,,,,,,,,,,,
476,25,4,2022,956.672,120.850,0.000,123.726,19.398,123.726,61.757,19.398,22.342,24.000,,,,,,,,,,,,
475,26,4,2022,834.444,149.411,0.000,95.940,35.057,95.940,44.423,37.341,21.768,24.000,,,,,,,,,,,,
474,27,4,2022,1068.836,170.305,0.000,121.208,31.296,121.208,90.589,37.856,25.427,24.000,,,,,,,,,,,,
473,28,4,2022,931.757,118.849,0.000,121.409,20.747,121.409,59.987,20.747,26.151,24.000,,,,,,,,,,,,
472,29,4,2022,735.064,126.663,0.000,110.938,16.081,110.938,60.767,16.081,25.970,24.000,,,,,,,,,,,,
471,30,4,2022,0.000,0.000,325.444,0.000,23.696,23.696,18.730,12.662,4.449,24.000,,,,,,,,,,,,
470,1,5,2022,0.000,0.003,384.945,0.000,31.335,31.335,26.098,12.727,6.034,24.000,,,,,,,,,,,,
469,2,5,2022,890.764,121.651,0.000,114.162,27.388,114.162,54.888,28.528,33.266,24.000,,,,,,,,,,,,
468,3,5,2022,537.601,123.478,0.000,70.707,22.585,70.707,31.035,22.585,13.148,24.000,,,,,,,,,,,,
467,4,5,2022,259.750,97.653,0.000,42.651,15.495,42.651,30.739,15.495,8.177,24.000,,,,,,,,,,,,
499,5,5,2022,722.865,101.727,0.000,92.134,18.346,92.134,59.500,18.346,16.797,24.000,,,,,,,,,,,,
498,6,5,2022,929.942,122.834,0.002,117.976,26.904,117.976,46.304,18.525,26.992,24.000,,,,,,,,,,,,
497,7,5,2022,0.000,0.000,233.277,0.000,15.044,14.656,15.044,12.963,4.583,24.000,,,,,,,,,,,,
496,8,5,2022,0.000,0.003,293.948,0.000,23.707,23.707,16.605,11.060,5.833,24.000,,,,,,,,,,,,
462,9,5,2022,814.599,115.306,0.000,97.241,25.053,97.241,59.865,26.258,22.436,24.000,,,,,,,,,,,,
494,10,5,2022,548.939,107.281,0.000,73.801,17.717,73.801,31.725,17.717,14.025,24.000,,,,,,,,,,,,
500,11,5,2022,498.108,122.250,0.000,53.144,23.075,53.144,44.918,23.714,7.599,24.000,,,,,,,,,,,,
499,12,5,2022,596.531,120.574,0.000,77.220,21.994,77.220,34.178,21.994,17.047,24.000,,,,,,,,,,,,
498,13,5,2022,168.301,121.509,0.002,22.645,16.386,22.390,22.645,16.786,3.887,24.000,,,,,,,,,,,,
497,14,5,2022,0.000,0.000,395.608,0.000,31.610,31.610,17.981,14.235,5.842,24.000,,,,,,,,,,,,
496,15,5,2022,0.000,0.001,273.747,0.000,21.241,21.241,13.195,11.909,4.023,24.000,,,,,,,,,,,,
495,16,5,2022,268.862,88.512,0.000,40.815,18.253,30.008,40.815,25.986,3.935,24.000,,,,,,,,,,,,
494,17,5,2022,828.431,114.940,0.000,109.408,26.558,109.408,57.819,26.558,26.461,24.000,,,,,,,,,,,,
493,18,5,2022,765.335,152.766,0.000,90.433,19.045,90.433,46.324,19.045,21.708,24.000,,,,,,,,,,,,
492,19,5,2022,754.957,125.355,0.000,89.132,22.484,89.132,45.235,23.480,19.855,24.000,,,,,,,,,,,,
491,20,5,2022,821.134,112.381,0.002,108.377,28.628,108.377,45.483,19.260,27.298,24.000,,,,,,,,,,,,
490,21,5,2022,0.000,0.000,321.772,0.000,25.155,25.155,24.014,13.398,4.668,24.000,,,,,,,,,,,,
489,22,5,2022,0.000,0.002,326.202,0.000,28.094,28.094,12.597,12.547,5.305,24.000,,,,,,,,,,,,
488,23,5,2022,934.457,97.545,0.000,134.425,17.582,134.425,65.294,18.703,39.040,24.000,,,,,,,,,,,,
487,24,5,2022,696.100,129.149,0.000,90.950,19.975,90.950,48.760,21.383,18.427,24.000,,,,,,,,,,,,
486,25,5,2022,801.436,126.355,0.000,92.919,21.800,92.919,68.775,21.994,20.869,24.000,,,,,,,,,,,,
485,26,5,2022,1030.386,129.153,0.000,118.020,23.862,118.020,79.693,23.862,32.104,24.000,,,,,,,,,,,,
484,27,5,2022,711.663,124.374,0.002,95.982,17.549,95.982,40.964,17.583,21.671,24.000,,,,,,,,,,,,
483,28,5,2022,0.000,0.000,356.192,0.000,36.070,36.070,17.351,11.892,7.220,24.000,,,,,,,,,,,,
482,29,5,2022,0.000,0.004,384.067,0.000,33.363,33.363,21.726,19.153,4.577,24.000,,,,,,,,,,,,
481,30,5,2022,1015.598,120.212,0.000,136.988,20.152,136.988,79.840,22.511,32.041,24.000,,,,,,,,,,,,
480,31,5,2022,970.716,128.622,0.000,135.086,18.812,135.086,50.262,19.700,37.474,24.000,,,,,,,,,,,,
479,1,6,2022,1363.792,136.200,0.000,167.738,37.474,167.738,74.014,27.409,45.077,24.000,,,,,,,,,,,,
478,2,6,2022,1288.884,143.751,0.000,164.947,21.342,164.947,84.390,26.258,45.933,24.000,,,,,,,,,,,,
477,3,6,2022,274.956,129.419,0.002,34.043,17.774,34.043,25.701,17.774,7.829,24.000,,,,,,,,,,,,
476,4,6,2022,0.000,0.000,359.903,0.000,31.270,31.270,22.373,18.864,4.136,24.000,,,,,,,,,,,,
475,5,6,2022,0.000,0.002,324.405,0.000,27.291,27.291,13.898,13.306,5.155,24.000,,,,,,,,,,,,
474,6,6,2022,970.308,105.167,0.000,124.814,18.159,124.814,69.281,18.159,32.845,24.000,,,,,,,,,,,,
473,7,6,2022,950.746,131.824,0.000,114.298,22.680,114.298,63.285,30.620,28.170,24.000,,,,,,,,,,,,
472,8,6,2022,1234.276,128.090,0.000,159.425,18.801,159.425,50.155,20.524,46.086,24.000,,,,,,,,,,,,
471,9,6,2022,1054.600,120.130,0.000,131.724,18.123,131.724,73.877,19.102,36.168,24.000,,,,,,,,,,,,
470,10,6,2022,620.155,102.495,0.001,84.764,20.324,84.764,37.705,20.324,23.730,24.000,,,,,,,,,,,,
469,11,6,2022,0.000,0.000,352.388,0.000,25.154,25.154,24.499,12.326,5.107,24.000,,,,,,,,,,,,
468,12,6,2022,0.000,0.001,352.829,0.000,46.212,46.212,26.989,12.251,9.490,24.000,,,,,,,,,,,,
467,13,6,2022,887.108,105.825,0.000,110.175,18.597,110.175,48.136,20.432,26.358,24.000,,,,,,,,,,,,
466,14,6,2022,1008.220,119.990,0.000,128.153,22.685,128.153,53.662,24.651,30.758,24.000,,,,,,,,,,,,
465,15,6,2022,958.715,129.042,0.000,110.510,19.658,110.510,65.353,25.217,24.479,24.000,,,,,,,,,,,,
464,16,6,2022,710.880,139.645,0.000,91.503,23.503,91.503,53.928,23.503,16.067,24.000,,,,,,,,,,,,
463,17,6,2022,1127.488,133.099,0.003,143.803,21.166,143.803,64.951,21.166,29.734,24.000,,,,,,,,,,,,
462,18,6,2022,0.000,0.000,566.964,0.000,54.683,54.683,33.874,20.028,7.759,24.000,,,,,,,,,,,,
461,19,6,2022,0.000,0.003,382.803,0.000,31.307,31.307,28.342,21.250,4.771,24.000,,,,,,,,,,,,
460,20,6,2022,1118.944,124.161,0.000,141.979,28.322,141.979,78.058,31.193,32.110,24.000,,,,,,,,,,,,
459,21,6,2022,1054.660,138.273,0.000,130.911,21.983,130.911,54.092,24.045,32.631,24.000,,,,,,,,,,,,
458,22,6,2022,318.371,132.488,0.000,37.655,29.262,37.655,28.675,29.262,5.888,24.000,,,,,,,,,,,,
457,23,6,2022,968.118,129.707,0.000,126.027,16.910,126.027,60.831,16.587,33.959,24.000,,,,,,,,,,,,
456,24,6,2022,958.411,133.526,0.002,124.676,17.210,124.676,52.805,14.703,32.336,24.000,,,,,,,,,,,,
455,25,6,2022,0.000,0.000,328.368,0.000,24.487,24.487,22.595,15.736,4.642,24.000,,,,,,,,,,,,
454,26,6,2022,0.000,0.001,240.966,0.000,16.491,16.491,16.206,13.795,4.583,24.000,,,,,,,,,,,,
453,27,6,2022,860.298,132.544,0.000,102.309,24.771,102.309,64.528,27.464,28.439,24.000,,,,,,,,,,,,
452,28,6,2022,1068.818,119.549,0.000,133.411,20.379,133.411,89.053,20.379,35.143,24.000,,,,,,,,,,,,
451,29,6,2022,957.141,119.779,0.000,133.345,13.941,133.345,68.141,14.941,38.551,24.000,,,,,,,,,,,,
450,30,6,2022,1124.197,121.838,0.000,136.764,22.768,136.764,83.056,24.578,45.345,24.000,,,,,,,,,,,,
449,1,7,2022,1107.278,126.396,0.004,139.978,26.159,139.978,72.383,31.463,47.345,24.000,,,,,,,,,,,,
448,2,7,2022,0.000,0.000,599.954,0.000,57.101,57.101,51.213,19.966,11.019,24.000,,,,,,,,,,,,
447,3,7,2022,0.000,0.002,513.636,0.000,56.673,56.673,36.790,21.800,13.514,24.000,,,,,,,,,,,,
446,4,7,2022,1939.459,144.701,0.000,239.845,65.596,239.845,118.091,28.896,54.540,24.000,,,,,,,,,,,,
445,5,7,2022,1968.491,224.067,0.000,228.556,53.783,228.556,146.654,55.246,54.912,24.000,,,,,,,,,,,,
444,6,7,2022,1474.188,197.251,0.000,211.466,42.466,211.466,83.387,42.466,43.379,24.000,,,,,,,,,,,,
443,7,7,2022,1582.356,152.440,0.000,200.414,31.590,200.414,100.901,31.721,44.566,24.000,,,,,,,,,,,,
442,8,7,2022,1295.827,139.040,0.002,174.742,36.036,174.742,74.220,18.389,39.697,24.000,,,,,,,,,,,,
441,9,7,2022,0.000,0.000,712.648,0.000,70.115,70.115,52.205,30.613,12.099,24.000,,,,,,,,,,,,
440,10,7,2022,0.000,0.002,891.936,0.000,93.934,93.934,88.548,22.125,12.056,24.000,,,,,,,,,,,,
439,11,7,2022,1493.054,175.550,0.000,188.591,46.665,188.591,62.870,43.039,40.823,24.000,,,,,,,,,,,,
438,12,7,2022,1229.499,140.629,0.000,169.820,26.580,169.820,58.616,24.760,31.752,24.000,,,,,,,,,,,,
437,13,7,2022,157.498,110.973,0.000,20.315,19.694,20.315,18.946,11.522,5.948,24.000,,,,,,,,,,,,
436,14,7,2022,149.246,107.397,0.000,21.458,20.531,21.458,16.364,20.531,5.264,24.000,,,,,,,,,,,,
435,15,7,2022,168.873,93.848,0.002,23.512,20.913,23.512,20.958,20.913,5.357,24.000,,,,,,,,,,,,
434,16,7,2022,0.000,0.000,383.434,0.000,36.940,36.940,18.769,16.201,7.113,24.000,,,,,,,,,,,,
433,17,7,2022,0.000,0.003,298.415,0.000,25.848,20.771,25.848,18.532,5.457,24.000,,,,,,,,,,,,
432,18,7,2022,1960.872,172.879,0.000,221.759,75.176,221.759,133.644,92.249,59.530,24.000,,,,,,,,,,,,
431,19,7,2022,2035.110,186.251,0.000,229.951,45.667,229.951,140.882,74.223,54.923,24.000,,,,,,,,,,,,
430,20,7,2022,1222.660,167.978,0.000,183.492,42.751,183.492,76.343,53.015,46.233,24.000,,,,,,,,,,,,
429,21,7,2022,1334.501,138.359,0.000,163.198,35.182,163.198,68.367,43.975,36.900,24.000,,,,,,,,,,,,
428,22,7,2022,1104.270,124.608,0.002,150.212,26.450,150.212,54.663,29.762,30.415,24.000,,,,,,,,,,,,
427,23,7,2022,0.000,0.000,563.762,0.000,46.728,46.728,44.896,32.458,10.177,24.000,,,,,,,,,,,,
426,24,7,2022,0.000,0.001,585.030,0.000,60.381,60.381,42.454,19.035,9.310,24.000,,,,,,,,,,,,
425,25,7,2022,1568.763,124.043,0.000,184.206,43.597,184.206,107.196,54.332,40.564,24.000,,,,,,,,,,,,
424,26,7,2022,1626.083,188.482,0.000,208.975,41.589,208.975,96.409,55.697,51.686,24.000,,,,,,,,,,,,
423,27,7,2022,1113.072,143.978,0.000,172.986,18.671,172.986,51.686,24.680,35.576,24.000,,,,,,,,,,,,
422,28,7,2022,177.588,139.849,0.000,22.905,15.069,22.905,14.274,15.069,6.902,24.000,,,,,,,,,,,,
421,29,7,2022,297.471,133.280,0.002,40.937,18.582,40.937,21.511,20.423,6.877,24.000,,,,,,,,,,,,
420,30,7,2022,0.000,0.000,764.107,0.000,64.503,64.503,55.677,38.767,10.309,24.000,,,,,,,,,,,,
419,31,7,2022,0.000,0.002,498.489,0.000,55.474,55.474,25.322,18.949,7.400,24.000,,,,,,,,,,,,
418,1,8,2022,1461.254,124.280,0.000,186.730,35.834,186.730,80.629,36.913,42.673,24.000,,,,,,,,,,,,
417,2,8,2022,1541.910,161.661,0.000,203.141,45.456,203.141,87.135,51.701,44.093,24.000,,,,,,,,,,,,
416,3,8,2022,1187.223,149.829,0.000,169.624,42.528,169.624,74.416,52.496,36.944,24.000,,,,,,,,,,,,
415,4,8,2022,1411.093,130.081,0.000,178.645,21.306,178.645,70.203,31.559,47.756,24.000,,,,,,,,,,,,
414,5,8,2022,1050.548,131.594,0.001,155.163,17.999,155.163,49.765,22.725,39.345,24.000,,,,,,,,,,,,
413,6,8,2022,0.000,0.000,662.581,0.000,64.382,64.382,53.404,26.230,12.703,24.000,,,,,,,,,,,,
412,7,8,2022,0.000,0.003,529.970,0.000,49.556,49.556,41.769,15.604,9.323,24.000,,,,,,,,,,,,
411,8,8,2022,1319.062,134.169,0.000,185.358,24.138,185.358,69.017,29.518,46.649,24.000,,,,,,,,,,,,
410,9,8,2022,1325.735,126.521,0.000,183.664,18.107,183.664,66.982,40.189,43.283,24.000,,,,,,,,,,,,
409,10,8,2022,1228.746,132.736,0.000,182.437,23.464,182.437,63.341,35.035,47.437,24.000,,,,,,,,,,,,
408,11,8,2022,1311.598,148.212,0.002,185.810,25.131,185.810,52.773,33.627,54.895,24.000,,,,,,,,,,,,
407,12,8,2022,0.000,0.000,339.672,0.000,30.997,30.997,21.221,22.986,5.575,24.000,,,,,,,,,,,,
406,13,8,2022,0.000,0.000,493.728,0.000,50.780,50.780,33.745,21.551,14.065,24.000,,,,,,,,,,,,
405,14,8,2022,0.000,0.003,390.671,0.000,37.573,37.573,30.227,21.840,6.228,24.000,,,,,,,,,,,,
404,15,8,2022,1626.423,126.219,0.000,216.247,27.650,216.247,99.125,28.277,59.619,24.000,,,,,,,,,,,,
403,16,8,2022,1551.768,147.071,0.000,211.645,31.499,211.645,79.475,40.361,52.800,24.000,,,,,,,,,,,,
402,17,8,2022,1154.322,141.735,0.000,157.876,22.426,157.876,77.421,26.257,40.044,24.000,,,,,,,,,,,,
401,18,8,2022,1224.976,130.836,0.000,161.411,27.997,161.411,73.699,44.003,39.456,24.000,,,,,,,,,,,,
400,19,8,2022,1167.431,117.129,0.002,171.819,18.159,171.819,71.015,19.952,41.148,24.000,,,,,,,,,,,,
399,20,8,2022,0.000,0.000,741.145,0.000,62.576,62.576,53.861,36.653,16.023,24.000,,,,,,,,,,,,
398,21,8,2022,0.000,0.002,614.379,0.000,59.988,59.988,50.554,26.816,9.809,24.000,,,,,,,,,,,,
397,22,8,2022,1492.303,134.245,0.000,185.901,32.180,185.901,108.837,38.802,42.010,24.000,,,,,,,,,,,,
396,23,8,2022,1602.588,195.185,0.000,194.441,54.114,194.441,102.699,56.496,49.422,24.000,,,,,,,,,,,,
395,24,8,2022,1249.604,189.756,0.000,167.684,32.060,167.684,88.524,32.060,47.885,24.000,,,,,,,,,,,,
394,25,8,2022,1420.170,157.839,0.000,165.387,41.810,165.387,85.928,57.041,48.643,24.000,,,,,,,,,,,,
393,26,8,2022,1210.442,147.286,0.003,170.378,32.636,170.378,60.517,28.704,41.830,24.000,,,,,,,,,,,,
392,27,8,2022,0.000,0.000,669.219,0.000,70.493,70.493,35.745,16.551,17.873,24.000,,,,,,,,,,,,
391,28,8,2022,0.000,0.000,533.994,0.000,52.259,52.259,45.372,22.270,9.104,24.000,,,,,,,,,,,,
390,29,8,2022,808.143,138.556,0.000,98.256,29.095,98.256,55.978,29.095,25.638,24.000,,,,,,,,,,,,
389,30,8,2022,941.651,169.109,0.000,105.123,46.540,105.123,62.937,46.540,29.534,24.000,,,,,,,,,,,,
388,31,8,2022,1027.021,151.433,0.000,140.928,36.310,140.928,62.557,36.310,40.698,24.000,,,,,,,,,,,,
387,1,9,2022,959.734,128.502,0.000,140.506,18.420,140.506,56.272,22.081,44.082,24.000,,,,,,,,,,,,
386,2,9,2022,1028.457,109.441,0.003,120.977,23.826,120.977,98.375,25.951,32.239,24.000,,,,,,,,,,,,
385,3,9,2022,0.000,0.000,822.590,0.000,100.166,100.166,64.448,22.121,28.947,24.000,,,,,,,,,,,,
384,4,9,2022,0.000,0.002,547.816,0.000,56.328,56.328,47.862,15.912,15.138,24.000,,,,,,,,,,,,
383,5,9,2022,1141.989,112.792,0.000,159.055,19.780,159.055,82.931,19.780,50.727,24.000,,,,,,,,,,,,
382,6,9,2022,1325.362,116.774,0.000,187.367,27.486,187.367,58.717,39.463,46.259,24.000,,,,,,,,,,,,
381,7,9,2022,863.851,124.945,0.000,98.397,27.031,98.397,69.523,28.053,21.345,24.000,,,,,,,,,,,,
380,8,9,2022,996.464,127.503,0.000,142.795,29.276,142.795,58.514,35.731,33.201,24.000,,,,,,,,,,,,
379,9,9,2022,990.084,150.405,0.003,127.341,22.885,127.341,59.659,32.699,39.551,24.000,,,,,,,,,,,,
378,10,9,2022,0.000,0.000,719.588,0.000,67.977,67.977,41.473,21.609,18.333,24.000,,,,,,,,,,,,
377,11,9,2022,0.000,0.002,419.955,0.000,47.410,47.410,23.520,19.845,6.696,24.000,,,,,,,,,,,,
376,12,9,2022,1126.998,131.574,0.000,147.213,26.873,147.213,68.911,32.241,42.780,24.000,,,,,,,,,,,,
375,13,9,2022,1528.129,172.868,0.000,219.088,40.560,219.088,71.614,53.533,57.271,24.000,,,,,,,,,,,,
374,14,9,2022,1057.115,143.186,0.000,163.988,24.398,163.988,45.746,25.388,39.553,24.000,,,,,,,,,,,,
373,15,9,2022,1417.355,141.562,0.000,202.341,28.547,202.341,76.529,44.744,52.932,24.000,,,,,,,,,,,,
372,16,9,2022,908.026,118.723,0.000,125.357,19.691,125.357,39.744,21.459,37.743,24.000,,,,,,,,,,,,
371,17,9,2022,0.000,0.000,801.687,0.000,81.637,81.637,48.826,36.038,22.021,24.000,,,,,,,,,,,,
370,18,9,2022,0.000,0.003,640.272,0.000,62.193,62.193,49.850,19.739,11.857,24.000,,,,,,,,,,,,
369,19,9,2022,1651.129,171.669,0.000,202.580,40.188,202.580,104.317,44.920,60.207,24.000,,,,,,,,,,,,
368,20,9,2022,1399.594,153.175,0.000,172.552,27.850,172.552,98.848,41.799,44.846,24.000,,,,,,,,,,,,
367,21,9,2022,1012.995,125.970,0.000,149.975,20.150,149.975,48.636,29.890,40.944,24.000,,,,,,,,,,,,
366,22,9,2022,1085.056,145.438,0.000,137.975,42.623,137.975,72.757,50.407,41.644,24.000,,,,,,,,,,,,
365,23,9,2022,829.744,147.481,0.002,108.175,18.229,108.175,53.914,20.934,26.145,24.000,,,,,,,,,,,,
364,24,9,2022,0.000,0.000,443.066,0.000,38.322,38.322,22.820,16.842,7.519,24.000,,,,,,,,,,,,
363,25,9,2022,0.000,0.002,326.531,0.000,23.522,23.235,23.522,18.949,5.354,24.000,,,,,,,,,,,,
362,26,9,2022,930.622,130.777,0.000,116.729,19.782,116.729,47.916,29.144,24.383,24.000,,,,,,,,,,,,
361,27,9,2022,1221.547,134.683,0.000,157.811,25.128,157.811,68.287,35.109,33.269,24.000,,,,,,,,,,,,
360,28,9,2022,914.870,123.602,0.000,137.275,24.385,137.275,58.125,26.773,32.166,24.000,,,,,,,,,,,,
359,29,9,2022,885.386,123.604,0.000,122.371,22.776,122.371,42.599,22.776,28.151,24.000,,,,,,,,,,,,
358,30,9,2022,851.555,124.742,0.003,123.753,24.648,123.753,43.354,26.332,23.464,24.000,,,,,,,,,,,,
357,1,10,2022,0.000,0.000,501.872,0.000,45.634,45.634,35.964,22.477,7.446,24.000,,,,,,,,,,,,
356,2,10,2022,0.000,0.002,431.141,0.000,42.834,42.834,25.681,15.553,5.345,24.000,,,,,,,,,,,,
355,3,10,2022,1132.039,121.230,0.000,167.807,16.724,167.807,63.993,22.016,44.089,24.000,,,,,,,,,,,,
354,4,10,2022,1123.022,125.497,0.000,156.385,20.588,156.385,45.146,26.941,33.303,24.000,,,,,,,,,,,,
353,5,10,2022,1001.565,130.443,0.000,161.695,22.104,161.695,49.871,26.427,33.609,24.000,,,,,,,,,,,,
352,6,10,2022,1164.874,151.536,0.000,143.058,28.484,143.058,71.018,33.417,34.212,24.000,,,,,,,,,,,,
351,7,10,2022,899.981,142.441,0.000,135.704,16.629,135.704,52.680,19.851,29.481,24.000,,,,,,,,,,,,
350,8,10,2022,0.000,0.000,504.178,0.000,48.924,48.924,33.411,23.124,11.136,24.000,,,,,,,,,,,,
349,9,10,2022,0.000,0.001,451.273,0.000,38.435,38.435,33.775,19.287,6.569,24.000,,,,,,,,,,,,
348,10,10,2022,1079.736,133.001,0.000,146.831,25.723,146.831,68.831,29.494,45.727,24.000,,,,,,,,,,,,
347,11,10,2022,1049.121,140.469,0.000,139.308,29.762,139.308,64.655,33.573,34.175,24.000,,,,,,,,,,,,
346,12,10,2022,816.644,126.369,0.000,127.919,16.815,127.919,36.555,16.815,32.185,24.000,,,,,,,,,,,,
345,13,10,2022,162.830,106.851,0.000,19.145,14.003,19.145,17.568,14.003,4.466,24.000,,,,,,,,,,,,
344,14,10,2022,164.474,103.075,0.002,21.866,12.222,21.866,13.381,12.222,3.812,24.000,,,,,,,,,,,,
343,15,10,2022,0.000,0.000,329.061,0.000,45.514,45.514,21.011,16.491,14.393,24.000,,,,,,,,,,,,
342,16,10,2022,0.000,0.001,285.818,0.000,27.180,27.180,16.509,14.164,5.645,24.000,,,,,,,,,,,,
341,17,10,2022,1109.422,119.791,0.000,167.236,28.117,167.236,66.152,29.994,47.952,24.000,,,,,,,,,,,,
340,18,10,2022,1282.156,155.953,0.000,157.146,21.127,157.146,87.762,21.478,39.076,24.000,,,,,,,,,,,,
339,19,10,2022,1117.922,132.390,0.000,153.796,21.273,153.796,57.721,22.808,35.931,24.000,,,,,,,,,,,,
338,20,10,2022,1223.068,127.575,0.000,154.873,25.490,154.873,70.552,47.837,39.671,24.000,,,,,,,,,,,,
337,21,10,2022,925.986,143.027,0.002,127.903,20.580,127.903,53.126,19.806,32.435,24.000,,,,,,,,,,,,
336,22,10,2022,0.000,0.000,329.711,0.000,25.648,20.253,25.648,23.158,6.062,24.000,,,,,,,,,,,,
335,23,10,2022,0.000,0.002,332.858,0.000,26.755,23.153,26.755,17.804,5.572,24.000,,,,,,,,,,,,
334,24,10,2022,176.832,127.016,0.000,27.816,14.828,27.816,15.299,14.828,6.498,24.000,,,,,,,,,,,,
333,25,10,2022,1160.360,135.547,0.000,138.371,24.056,138.371,73.613,46.301,36.596,24.000,,,,,,,,,,,,
332,26,10,2022,1108.751,137.235,0.000,133.733,19.975,133.733,58.129,23.529,42.798,24.000,,,,,,,,,,,,
331,27,10,2022,948.847,121.449,0.000,128.313,21.972,128.313,54.060,32.894,36.539,24.000,,,,,,,,,,,,
330,28,10,2022,889.542,119.958,0.002,117.020,18.231,117.020,58.495,32.698,28.195,24.000,,,,,,,,,,,,
329,29,10,2022,0.000,0.000,553.381,0.000,54.924,54.924,42.207,15.798,13.534,24.000,,,,,,,,,,,,
328,30,10,2022,0.000,0.001,596.896,0.000,56.615,56.615,31.797,28.178,10.621,24.000,,,,,,,,,,,,
327,31,10,2022,1121.366,127.485,0.000,126.402,25.531,126.402,95.705,29.809,37.635,24.000,,,,,,,,,,,,
326,1,11,2022,1053.060,128.810,0.000,132.555,21.851,132.555,77.712,22.995,31.469,24.000,,,,,,,,,,,,
325,2,11,2022,1040.284,128.959,0.000,130.954,21.481,130.954,54.928,21.481,39.052,24.000,,,,,,,,,,,,
324,3,11,2022,1008.199,123.760,0.000,123.264,18.227,123.264,74.852,21.461,33.444,24.000,,,,,,,,,,,,
323,4,11,2022,694.255,132.692,0.001,82.181,20.108,82.181,44.923,20.646,17.247,24.000,,,,,,,,,,,,
322,5,11,2022,0.000,0.000,256.137,0.000,20.293,20.293,13.967,12.182,4.378,24.000,,,,,,,,,,,,
321,6,11,2022,0.000,0.002,375.435,0.000,37.256,37.256,19.903,11.221,9.359,24.000,,,,,,,,,,,,
320,7,11,2022,924.159,125.475,0.000,113.122,21.412,113.122,63.450,20.955,28.171,24.000,,,,,,,,,,,,
319,8,11,2022,661.560,161.326,0.000,75.384,17.311,75.384,56.486,16.999,22.221,24.000,,,,,,,,,,,,
318,9,11,2022,739.228,117.562,0.000,87.740,17.599,87.740,58.292,21.995,25.036,24.000,,,,,,,,,,,,
317,10,11,2022,601.218,130.266,0.000,76.320,18.139,76.320,47.813,15.120,19.990,24.000,,,,,,,,,,,,
316,11,11,2022,602.274,143.566,0.003,70.153,26.144,70.153,58.911,22.551,16.531,24.000,,,,,,,,,,,,
315,12,11,2022,0.000,0.000,393.469,0.000,31.225,31.225,24.790,20.822,7.029,24.000,,,,,,,,,,,,
314,13,11,2022,0.000,0.001,375.272,0.000,37.742,37.742,21.288,12.876,7.439,24.000,,,,,,,,,,,,
313,14,11,2022,784.517,125.020,0.000,101.980,22.449,101.980,41.667,25.566,30.517,24.000,,,,,,,,,,,,
312,15,11,2022,637.278,126.548,0.000,85.469,14.005,85.469,37.704,14.478,22.925,24.000,,,,,,,,,,,,
311,16,11,2022,208.131,121.653,0.000,29.319,16.345,29.319,15.934,16.345,7.213,24.000,,,,,,,,,,,,
310,17,11,2022,219.372,112.878,0.000,28.852,12.342,28.852,17.591,12.538,5.348,24.000,,,,,,,,,,,,
309,18,11,2022,163.075,118.944,0.001,22.879,13.932,22.879,15.068,13.932,4.141,24.000,,,,,,,,,,,,
308,19,11,2022,0.000,0.000,326.406,0.000,28.379,28.379,16.129,12.993,4.874,24.000,,,,,,,,,,,,
307,20,11,2022,0.000,0.003,397.800,0.000,30.949,30.949,22.355,23.965,6.851,24.000,,,,,,,,,,,,
306,21,11,2022,1173.258,124.920,0.000,159.137,19.797,159.137,70.451,22.187,45.405,24.000,,,,,,,,,,,,
305,22,11,2022,1439.309,129.184,0.000,200.999,18.757,200.999,94.672,20.704,62.433,24.000,,,,,,,,,,,,
304,23,11,2022,1012.482,147.300,0.000,134.908,23.591,134.908,60.378,33.112,33.592,24.000,,,,,,,,,,,,
303,24,11,2022,1301.054,132.673,0.000,171.801,22.863,171.801,64.989,37.514,48.537,24.000,,,,,,,,,,,,
302,25,11,2022,1128.078,137.475,0.003,155.864,25.220,155.864,61.232,25.220,45.736,24.000,,,,,,,,,,,,
301,26,11,2022,0.000,0.000,670.519,0.000,70.603,70.603,35.888,23.907,19.842,24.000,,,,,,,,,,,,
300,27,11,2022,0.000,0.002,547.517,0.000,44.732,44.732,35.551,19.457,5.073,24.000,,,,,,,,,,,,
299,28,11,2022,990.148,142.655,0.000,129.452,15.595,129.452,77.045,17.868,28.770,24.000,,,,,,,,,,,,
298,29,11,2022,1474.856,139.987,0.000,191.729,32.701,191.729,84.523,41.717,49.593,24.000,,,,,,,,,,,,
297,30,11,2022,1014.068,163.762,0.000,131.852,25.245,131.852,62.640,26.009,31.184,24.000,,,,,,,,,,,,
296,1,12,2022,1306.899,174.347,0.000,158.260,37.374,158.260,86.497,43.706,37.763,24.000,,,,,,,,,,,,
295,2,12,2022,1190.924,149.959,0.002,153.716,22.913,153.716,51.864,39.580,50.701,24.000,,,,,,,,,,,,
294,3,12,2022,0.000,0.000,368.128,0.000,36.394,36.394,22.538,11.928,5.261,24.000,,,,,,,,,,,,
293,4,12,2022,0.000,0.000,326.594,0.000,36.984,36.984,23.876,15.168,10.411,24.000,,,,,,,,,,,,
292,5,12,2022,0.000,0.001,269.929,0.000,19.294,15.168,19.294,12.441,5.679,24.000,,,,,,,,,,,,
291,6,12,2022,1194.565,135.464,0.000,153.585,24.094,153.585,84.799,28.883,43.145,24.000,,,,,,,,,,,,
290,7,12,2022,973.034,151.396,0.000,123.135,28.833,123.135,78.984,29.729,32.165,24.000,,,,,,,,,,,,
289,8,12,2022,1419.272,144.357,0.000,179.132,36.429,179.132,84.673,45.059,46.811,24.000,,,,,,,,,,,,
288,9,12,2022,1294.894,149.083,0.001,166.090,18.705,166.090,79.687,23.938,43.591,24.000,,,,,,,,,,,,
287,10,12,2022,0.000,0.000,300.140,0.000,25.418,25.418,13.018,13.067,4.913,24.000,,,,,,,,,,,,
286,11,12,2022,0.000,0.001,475.301,0.000,40.882,40.882,27.708,22.064,7.314,24.000,,,,,,,,,,,,
285,12,12,2022,141.009,120.661,0.000,18.082,12.918,18.082,15.797,12.918,5.454,24.000,,,,,,,,,,,,
284,13,12,2022,1402.798,115.356,0.000,174.959,31.205,174.959,111.310,39.525,50.036,24.000,,,,,,,,,,,,
283,14,12,2022,812.415,131.936,0.000,115.602,22.719,115.602,53.855,26.230,25.250,24.000,,,,,,,,,,,,
282,15,12,2022,965.458,124.325,0.000,125.824,26.459,125.824,49.405,33.829,29.406,24.000,,,,,,,,,,,,
281,16,12,2022,908.893,126.907,0.001,127.852,25.897,127.852,48.117,31.245,25.775,24.000,,,,,,,,,,,,
280,17,12,2022,0.000,0.000,468.665,0.000,46.548,46.548,22.753,19.472,6.992,24.000,,,,,,,,,,,,
279,18,12,2022,0.000,0.000,369.215,0.000,31.752,31.752,21.843,15.368,5.488,24.000,,,,,,,,,,,,
278,19,12,2022,558.009,107.660,0.000,88.025,15.202,88.025,44.881,16.906,15.115,24.000,,,,,,,,,,,,
277,20,12,2022,774.064,118.604,0.000,98.461,23.551,98.461,65.005,24.870,15.548,24.000,,,,,,,,,,,,
276,21,12,2022,270.955,133.567,0.000,38.972,19.773,38.972,24.919,24.012,5.523,24.000,,,,,,,,,,,,
275,22,12,2022,832.842,113.418,0.000,105.115,22.878,105.115,47.215,25.426,24.768,24.000,,,,,,,,,,,,
274,23,12,2022,840.810,122.650,0.001,108.418,24.540,108.418,56.242,25.942,19.005,24.000,,,,,,,,,,,,
273,24,12,2022,0.000,0.000,330.441,0.000,23.508,23.508,20.310,15.332,5.365,24.000,,,,,,,,,,,,
272,25,12,2022,0.000,0.002,421.949,0.000,45.332,45.332,30.321,19.591,7.705,24.000,,,,,,,,,,,,
271,26,12,2022,678.855,113.902,0.000,100.240,16.492,100.240,48.352,16.492,20.687,24.000,,,,,,,,,,,,
270,27,12,2022,796.995,116.775,0.000,104.147,20.698,104.147,68.548,23.407,20.359,24.000,,,,,,,,,,,,
269,28,12,2022,554.556,125.613,0.000,67.766,20.364,67.766,42.635,31.207,9.073,24.000,,,,,,,,,,,,
268,29,12,2022,661.945,118.570,0.000,91.137,21.287,91.137,32.408,21.287,24.554,24.000,,,,,,,,,,,,
267,30,12,2022,132.496,97.167,0.001,21.195,18.306,21.195,20.155,18.306,5.432,24.000,,,,,,,,,,,,
266,31,12,2022,0.000,0.000,227.344,0.000,20.987,17.164,20.987,19.219,5.437,24.000,,,,,,,,,,,,
265,1,1,2023,0.000,0.001,256.377,0.000,21.073,21.073,15.245,19.500,5.147,24.000,,,,,,,,,,,,
264,2,1,2023,141.784,115.211,0.000,22.380,21.371,22.380,17.953,21.371,5.359,24.000,,,,,,,,,,,,
263,3,1,2023,1056.952,121.225,0.000,138.194,21.142,138.194,75.300,21.638,27.217,24.000,,,,,,,,,,,,
262,4,1,2023,690.378,130.210,0.000,91.875,19.230,91.875,60.955,16.173,19.074,24.000,,,,,,,,,,,,
261,5,1,2023,1076.506,120.516,0.000,150.715,19.490,150.715,73.327,23.073,41.302,24.000,,,,,,,,,,,,
260,6,1,2023,1018.740,113.926,0.002,136.873,20.026,136.873,52.638,26.049,35.432,24.000,,,,,,,,,,,,
259,7,1,2023,0.000,0.000,420.130,0.000,34.683,34.683,27.076,22.090,5.049,24.000,,,,,,,,,,,,
258,8,1,2023,0.000,0.002,474.061,0.000,40.599,40.599,33.728,17.142,5.481,24.000,,,,,,,,,,,,
257,9,1,2023,950.154,131.322,0.000,138.972,21.519,138.972,66.932,22.829,28.626,24.000,,,,,,,,,,,,
256,10,1,2023,1134.645,140.837,0.000,136.025,29.922,136.025,80.353,33.748,32.760,24.000,,,,,,,,,,,,
255,11,1,2023,670.492,134.842,0.000,86.066,22.416,86.066,51.775,23.631,14.479,24.000,,,,,,,,,,,,
254,12,1,2023,1094.816,132.034,0.000,133.815,34.874,133.815,67.597,42.468,32.022,24.000,,,,,,,,,,,,
253,13,1,2023,921.615,127.569,0.002,113.895,24.297,113.895,53.668,30.237,33.133,24.000,,,,,,,,,,,,
252,14,1,2023,0.000,0.000,411.596,0.000,43.574,43.574,21.620,12.139,9.563,24.000,,,,,,,,,,,,
251,15,1,2023,0.000,0.000,538.720,0.000,52.634,52.634,31.844,21.123,9.974,24.000,,,,,,,,,,,,
250,16,1,2023,1095.264,112.430,0.000,128.561,16.892,128.561,64.761,17.994,35.177,24.000,,,,,,,,,,,,
249,17,1,2023,1109.710,146.239,0.000,129.569,23.134,129.569,72.031,31.354,38.562,24.000,,,,,,,,,,,,
248,18,1,2023,883.435,126.168,0.000,119.392,21.173,119.392,48.049,27.230,32.928,24.000,,,,,,,,,,,,
247,19,1,2023,787.802,120.360,0.000,104.737,23.527,104.737,46.005,24.819,29.477,24.000,,,,,,,,,,,,
246,20,1,2023,794.775,122.669,0.001,105.181,16.314,105.181,49.960,19.358,29.751,24.000,,,,,,,,,,,,
245,21,1,2023,0.000,0.000,452.774,0.000,43.199,43.199,16.546,14.766,6.893,24.000,,,,,,,,,,,,
244,22,1,2023,0.000,0.001,452.025,0.000,44.581,44.581,36.995,22.437,6.843,24.000,,,,,,,,,,,,
243,23,1,2023,1060.488,123.942,0.000,148.767,15.401,148.767,73.818,18.235,39.614,24.000,,,,,,,,,,,,
242,24,1,2023,1214.553,126.520,0.000,148.270,21.325,148.270,83.256,40.089,38.304,24.000,,,,,,,,,,,,
241,25,1,2023,546.210,122.881,0.000,65.777,16.352,65.777,31.525,21.608,15.864,24.000,,,,,,,,,,,,
240,26,1,2023,1106.716,139.181,0.000,148.654,31.521,148.654,69.657,31.774,34.900,24.000,,,,,,,,,,,,
239,27,1,2023,841.555,133.470,0.003,116.293,26.808,116.293,47.204,31.469,28.718,24.000,,,,,,,,,,,,
238,28,1,2023,0.000,0.000,360.253,0.000,25.982,25.982,25.548,17.533,5.436,24.000,,,,,,,,,,,,
237,29,1,2023,0.000,0.001,390.225,0.000,34.992,34.992,22.803,19.794,6.055,24.000,,,,,,,,,,,,
236,30,1,2023,583.624,116.703,0.000,78.824,15.762,78.824,43.170,17.754,12.969,24.000,,,,,,,,,,,,
235,31,1,2023,800.096,120.620,0.000,101.613,24.963,101.613,66.619,33.746,18.779,24.000,,,,,,,,,,,,
234,1,2,2023,618.195,120.882,0.000,84.627,19.342,84.627,35.620,19.342,10.061,24.000,,,,,,,,,,,,
233,2,2,2023,1106.298,124.867,0.000,140.435,29.028,140.435,68.567,30.427,32.505,24.000,,,,,,,,,,,,
232,3,2,2023,1098.809,134.674,0.000,133.127,23.405,133.127,68.506,25.996,33.555,24.000,,,,,,,,,,,,
231,4,2,2023,0.000,0.000,605.224,0.000,64.461,64.461,26.241,16.043,15.553,24.000,,,,,,,,,,,,
230,5,2,2023,0.000,0.001,451.324,0.000,39.258,39.258,29.699,22.305,6.156,24.000,,,,,,,,,,,,
229,6,2,2023,1337.764,155.668,0.000,173.231,24.402,173.231,96.849,32.682,45.054,24.000,,,,,,,,,,,,
228,7,2,2023,1493.959,159.563,0.000,197.073,33.785,197.073,116.808,40.431,51.443,24.000,,,,,,,,,,,,
227,8,2,2023,1096.634,169.820,0.000,131.340,27.994,131.340,78.176,36.487,34.929,24.000,,,,,,,,,,,,
226,9,2,2023,1487.720,171.930,0.000,192.632,30.752,192.632,100.230,32.282,49.379,24.000,,,,,,,,,,,,
225,10,2,2023,1360.158,117.470,0.002,174.007,25.921,174.007,100.464,26.584,49.342,24.000,,,,,,,,,,,,
224,11,2,2023,0.000,0.000,500.985,0.000,54.011,54.011,19.460,21.395,15.567,24.000,,,,,,,,,,,,
223,12,2,2023,0.000,0.003,480.598,0.000,41.529,41.529,28.977,28.064,5.626,24.000,,,,,,,,,,,,
222,13,2,2023,1518.127,139.259,0.000,209.276,26.878,209.276,114.432,27.347,57.105,24.000,,,,,,,,,,,,
221,14,2,2023,1644.567,131.374,0.000,194.729,21.395,194.729,135.758,36.089,53.053,24.000,,,,,,,,,,,,
220,15,2,2023,749.722,125.273,0.000,109.896,23.664,109.896,53.253,29.024,24.629,24.000,,,,,,,,,,,,
219,16,2,2023,1098.231,129.401,0.000,152.350,27.236,152.350,73.536,29.389,36.388,24.000,,,,,,,,,,,,
218,17,2,2023,914.905,128.620,0.001,126.298,17.055,126.298,70.872,19.399,32.234,24.000,,,,,,,,,,,,
217,18,2,2023,0.000,0.000,455.467,0.000,47.818,47.818,20.978,18.683,11.360,24.000,,,,,,,,,,,,
216,19,2,2023,0.000,0.002,491.216,0.000,43.974,43.974,31.476,21.003,5.113,24.000,,,,,,,,,,,,
215,20,2,2023,1161.849,147.822,0.000,167.661,23.326,167.661,79.986,26.531,41.575,24.000,,,,,,,,,,,,
214,21,2,2023,1383.785,146.777,0.000,183.729,32.635,183.729,101.113,35.616,48.576,24.000,,,,,,,,,,,,
213,22,2,2023,876.934,129.339,0.000,112.816,23.368,112.816,60.983,24.365,31.558,24.000,,,,,,,,,,,,
212,23,2,2023,1435.332,150.570,0.000,185.155,43.412,185.155,94.753,45.141,47.242,24.000,,,,,,,,,,,,
211,24,2,2023,1449.086,162.729,0.002,180.216,32.719,180.216,93.496,40.853,53.506,24.000,,,,,,,,,,,,
210,25,2,2023,0.000,0.000,585.803,0.000,63.622,63.622,23.022,12.972,15.954,24.000,,,,,,,,,,,,
209,26,2,2023,0.000,0.002,427.428,0.000,39.756,39.756,22.177,16.093,5.744,24.000,,,,,,,,,,,,
208,27,2,2023,1022.605,125.303,0.000,132.642,13.949,132.642,73.452,14.438,29.435,24.000,,,,,,,,,,,,
207,28,2,2023,1062.548,135.804,0.000,131.660,32.519,131.660,86.023,35.996,29.199,24.000,,,,,,,,,,,,
206,1,3,2023,959.141,135.336,0.000,106.156,27.456,106.156,72.260,33.432,23.399,24.000,,,,,,,,,,,,
205,2,3,2023,1401.707,159.126,0.000,170.211,35.777,170.211,91.372,45.006,47.190,24.000,,,,,,,,,,,,
204,3,3,2023,1183.814,140.905,0.001,148.927,22.686,148.927,70.326,27.529,43.466,24.000,,,,,,,,,,,,
203,4,3,2023,0.000,0.000,540.159,0.000,59.068,59.068,23.102,15.838,15.237,24.000,,,,,,,,,,,,
202,5,3,2023,0.000,0.002,308.948,0.000,22.197,22.197,18.945,13.208,5.166,24.000,,,,,,,,,,,,
201,6,3,2023,185.748,131.487,0.000,22.321,17.122,17.555,22.321,20.031,4.401,24.000,,,,,,,,,,,,
200,7,3,2023,1520.408,132.336,0.000,204.740,28.871,204.740,140.575,30.284,52.000,24.000,,,,,,,,,,,,
199,8,3,2023,1248.878,150.234,0.000,154.698,27.338,154.698,102.866,27.338,45.623,24.000,,,,,,,,,,,,
198,9,3,2023,1417.697,163.288,0.000,186.208,29.461,186.208,101.783,29.461,52.869,24.000,,,,,,,,,,,,
197,10,3,2023,1130.776,150.056,0.002,145.341,25.352,145.341,73.730,25.936,45.308,24.000,,,,,,,,,,,,
196,11,3,2023,0.000,0.000,513.707,0.000,38.548,36.791,38.548,27.342,6.800,24.000,,,,,,,,,,,,
195,12,3,2023,0.000,0.000,493.547,0.000,44.174,44.174,28.208,19.507,5.267,24.000,,,,,,,,,,,,
194,13,3,2023,1115.384,146.506,0.000,171.016,27.693,171.016,67.818,28.572,44.877,24.000,,,,,,,,,,,,
193,14,3,2023,885.931,138.295,0.000,126.721,32.667,126.721,51.169,32.667,40.839,24.000,,,,,,,,,,,,
192,15,3,2023,993.906,153.191,0.000,118.301,28.641,118.301,74.606,35.489,33.943,24.000,,,,,,,,,,,,
191,16,3,2023,1119.010,164.531,0.000,132.728,30.168,132.728,87.773,37.701,34.823,24.000,,,,,,,,,,,,
190,17,3,2023,1146.717,136.810,0.002,165.401,22.061,165.401,53.038,22.061,52.910,24.000,,,,,,,,,,,,
189,18,3,2023,0.000,0.000,321.282,0.000,30.696,30.696,19.276,17.628,7.471,24.000,,,,,,,,,,,,
188,19,3,2023,0.000,0.003,335.999,0.000,28.617,25.483,28.617,17.467,4.102,24.000,,,,,,,,,,,,
187,20,3,2023,1222.276,137.446,0.000,146.746,18.410,146.746,98.239,22.169,47.444,24.000,,,,,,,,,,,,
186,21,3,2023,969.626,150.853,0.000,112.495,31.163,112.495,80.430,32.497,33.259,24.000,,,,,,,,,,,,
185,22,3,2023,968.041,150.063,0.000,113.618,26.038,113.618,85.630,39.342,32.789,24.000,,,,,,,,,,,,
184,23,3,2023,1235.289,163.805,0.000,139.806,34.435,139.806,98.886,39.078,44.594,24.000,,,,,,,,,,,,
183,24,3,2023,779.232,182.524,0.003,89.853,25.520,89.853,73.560,25.319,26.155,24.000,,,,,,,,,,,,
182,25,3,2023,0.000,0.000,480.266,0.000,48.653,48.653,35.339,23.623,12.349,24.000,,,,,,,,,,,,
181,26,3,2023,0.000,0.003,399.928,0.000,33.363,33.363,31.674,18.249,5.805,24.000,,,,,,,,,,,,
180,27,3,2023,1001.352,154.055,0.000,110.605,22.526,110.605,82.276,27.574,35.159,24.000,,,,,,,,,,,,
179,28,3,2023,959.603,158.098,0.000,106.214,29.162,106.214,79.889,33.832,30.919,24.000,,,,,,,,,,,,
178,29,3,2023,908.507,155.791,0.000,113.207,25.687,113.207,66.018,29.836,27.586,24.000,,,,,,,,,,,,
177,30,3,2023,900.350,141.620,0.000,99.518,23.529,99.518,74.710,27.258,30.828,24.000,,,,,,,,,,,,
176,31,3,2023,912.602,144.521,0.003,109.348,23.388,109.348,63.543,23.997,32.804,24.000,,,,,,,,,,,,
175,1,4,2023,0.000,0.000,517.416,0.000,46.130,46.130,36.736,27.874,10.466,24.000,,,,,,,,,,,,
174,2,4,2023,0.000,0.003,457.475,0.000,43.067,43.067,39.647,14.886,11.452,24.000,,,,,,,,,,,,
173,3,4,2023,429.819,151.681,0.000,48.089,22.420,48.089,39.791,19.820,8.576,24.000,,,,,,,,,,,,
172,4,4,2023,355.951,118.493,0.000,41.498,16.561,41.498,32.541,16.561,5.852,24.000,,,,,,,,,,,,
171,5,4,2023,349.360,110.897,0.002,40.301,16.960,40.301,26.207,19.677,9.540,24.000,,,,,,,,,,,,
170,6,4,2023,0.000,0.000,517.462,0.000,42.949,42.794,42.949,30.586,11.622,24.000,,,,,,,,,,,,
169,7,4,2023,768.993,138.459,0.002,89.670,19.125,89.670,62.501,20.158,26.524,24.000,,,,,,,,,,,,
168,8,4,2023,0.000,0.000,353.645,0.000,26.168,26.168,21.903,21.293,5.417,24.000,,,,,,,,,,,,
167,9,4,2023,0.000,0.001,384.438,0.000,39.432,39.432,24.895,14.835,8.692,24.000,,,,,,,,,,,,
166,10,4,2023,915.062,143.534,0.000,104.562,19.959,104.562,98.674,19.959,31.635,24.000,,,,,,,,,,,,
165,11,4,2023,1101.474,172.351,0.000,132.300,29.638,132.300,111.406,35.615,33.234,24.000,,,,,,,,,,,,
164,12,4,2023,992.849,206.677,0.003,128.046,37.914,128.046,74.560,37.914,30.437,23.900,,,,,,,,,,,,
163,13,4,2023,0.000,0.000,521.385,0.000,37.642,37.642,28.578,28.139,5.302,24.000,,,,,,,,,,,,
162,14,4,2023,0.000,0.000,508.120,0.000,39.502,37.114,39.502,25.591,7.351,24.000,,,,,,,,,,,,
161,15,4,2023,0.000,0.000,605.233,0.000,49.331,49.331,43.760,27.907,9.159,24.000,,,,,,,,,,,,
160,16,4,2023,0.000,0.003,467.701,0.000,28.107,26.869,28.107,23.779,4.500,24.000,,,,,,,,,,,,
159,17,4,2023,347.935,183.915,0.000,37.891,24.784,37.891,35.031,30.407,5.370,24.000,,,,,,,,,,,,
158,18,4,2023,1166.639,190.469,0.000,139.684,27.454,139.684,77.227,34.885,36.357,24.000,,,,,,,,,,,,
157,19,4,2023,1252.218,163.573,0.000,187.807,26.187,187.807,95.020,33.445,51.854,24.000,,,,,,,,,,,,
156,20,4,2023,1297.137,175.668,0.000,161.547,44.195,161.547,103.152,50.097,39.880,24.000,,,,,,,,,,,,
155,21,4,2023,770.908,159.679,0.003,105.434,24.861,105.434,53.722,28.762,30.227,24.000,,,,,,,,,,,,
154,22,4,2023,0.000,0.000,612.642,0.000,58.852,58.852,27.989,19.192,15.858,24.000,,,,,,,,,,,,
153,23,4,2023,0.000,0.003,371.284,0.000,44.043,30.618,44.043,21.636,13.959,24.000,,,,,,,,,,,,
152,24,4,2023,1183.905,166.171,0.000,154.583,31.043,154.583,78.683,32.972,45.543,24.000,,,,,,,,,,,,
151,25,4,2023,1088.522,154.939,0.000,136.607,26.557,136.607,74.515,33.532,37.853,24.000,,,,,,,,,,,,
150,26,4,2023,743.374,130.711,0.000,95.038,14.163,95.038,56.754,17.662,30.484,24.000,,,,,,,,,,,,
149,27,4,2023,717.087,123.447,0.000,95.634,13.204,95.634,55.193,15.940,25.195,24.000,,,,,,,,,,,,
148,28,4,2023,705.952,124.693,0.001,104.440,15.258,104.440,39.614,22.605,26.409,24.000,,,,,,,,,,,,
147,29,4,2023,0.000,0.000,448.429,0.000,44.538,44.538,21.066,13.684,10.060,24.000,,,,,,,,,,,,
146,30,4,2023,0.000,0.000,321.567,0.000,20.144,20.144,19.751,13.742,4.698,24.000,,,,,,,,,,,,
145,1,5,2023,0.000,0.003,1370.960,0.000,159.288,159.288,80.470,29.267,50.969,24.000,,,,,,,,,,,,
144,2,5,2023,1173.418,208.282,0.000,142.704,36.959,142.704,78.693,36.959,43.310,24.000,,,,,,,,,,,,
143,3,5,2023,993.562,151.856,0.000,135.201,25.977,135.201,73.176,25.977,30.297,24.000,,,,,,,,,,,,
142,4,5,2023,234.336,152.918,0.000,30.282,20.890,23.841,30.282,21.323,5.471,24.000,,,,,,,,,,,,
141,5,5,2023,302.241,145.564,0.003,38.162,20.021,38.162,26.294,20.430,4.169,24.000,,,,,,,,,,,,
140,6,5,2023,0.000,0.000,619.605,0.000,54.323,54.323,41.516,21.142,16.289,24.000,,,,,,,,,,,,
139,7,5,2023,0.000,0.002,454.884,0.000,40.423,40.423,35.205,22.460,7.448,24.000,,,,,,,,,,,,
138,8,5,2023,1254.308,139.959,0.000,163.559,14.742,163.559,93.910,18.916,48.230,24.000,,,,,,,,,,,,
137,9,5,2023,1102.965,150.132,0.000,137.210,25.487,137.210,86.850,37.140,41.961,24.000,,,,,,,,,,,,
136,10,5,2023,1176.996,181.150,0.000,157.477,29.036,157.477,105.770,29.036,50.644,24.000,,,,,,,,,,,,
135,11,5,2023,969.421,170.598,0.000,136.130,35.945,136.130,70.649,35.945,42.927,24.000,,,,,,,,,,,,
134,12,5,2023,1021.592,165.083,0.001,132.450,31.264,132.450,57.903,31.264,35.914,24.000,,,,,,,,,,,,
133,13,5,2023,0.000,0.000,563.936,0.000,58.189,58.189,28.666,22.548,15.656,24.000,,,,,,,,,,,,
132,14,5,2023,0.000,0.001,331.986,0.000,30.389,24.150,30.389,19.254,5.911,24.000,,,,,,,,,,,,
131,15,5,2023,1306.923,142.931,0.000,167.460,22.028,167.460,95.547,22.153,53.920,24.000,,,,,,,,,,,,
130,16,5,2023,1280.963,152.939,0.000,157.616,29.055,157.616,96.564,36.687,51.012,24.000,,,,,,,,,,,,
129,17,5,2023,397.866,152.545,0.000,51.627,23.558,51.627,39.514,29.662,14.236,24.000,,,,,,,,,,,,
128,18,5,2023,1260.003,162.472,0.000,161.672,31.871,161.672,94.010,32.425,44.457,24.000,,,,,,,,,,,,
127,19,5,2023,1035.600,161.836,0.002,134.333,21.684,134.333,78.958,27.306,35.749,24.000,,,,,,,,,,,,
126,20,5,2023,0.000,0.000,546.847,0.000,55.477,55.477,26.836,19.613,16.971,24.000,,,,,,,,,,,,
125,21,5,2023,0.000,0.000,804.861,0.000,106.399,106.399,59.468,21.351,24.735,24.000,,,,,,,,,,,,
124,22,5,2023,1344.354,157.501,0.000,182.230,26.292,182.230,90.231,41.999,56.169,24.000,,,,,,,,,,,,
123,23,5,2023,1256.818,156.747,0.000,157.815,35.522,157.815,96.975,35.522,41.083,24.000,,,,,,,,,,,,
122,24,5,2023,994.801,170.492,0.000,116.274,35.178,116.274,79.531,36.968,29.952,24.000,,,,,,,,,,,,
121,25,5,2023,1121.505,219.438,0.000,133.895,30.597,133.895,89.820,32.220,41.807,24.000,,,,,,,,,,,,
120,26,5,2023,963.263,136.803,0.001,125.026,20.190,125.026,69.242,24.459,35.029,24.000,,,,,,,,,,,,
119,27,5,2023,0.000,0.000,379.539,0.000,31.887,31.887,26.901,17.013,5.695,24.000,,,,,,,,,,,,
118,28,5,2023,0.000,0.002,360.605,0.000,32.029,32.029,26.977,20.528,5.690,24.000,,,,,,,,,,,,
117,29,5,2023,1021.670,140.904,0.000,131.794,22.359,131.794,69.239,22.359,41.141,24.000,,,,,,,,,,,,
116,30,5,2023,963.946,147.302,0.000,119.722,29.664,119.722,76.521,31.620,32.624,24.000,,,,,,,,,,,,
115,31,5,2023,959.377,148.321,0.000,110.640,29.714,110.640,83.322,30.458,31.002,24.000,,,,,,,,,,,,
114,1,6,2023,1077.934,152.507,0.000,130.124,26.046,130.124,88.371,30.063,36.347,24.000,,,,,,,,,,,,
113,2,6,2023,926.799,189.049,0.002,115.866,27.098,115.866,75.224,38.409,29.293,24.000,,,,,,,,,,,,
112,3,6,2023,0.000,0.000,423.349,0.000,37.475,37.475,26.447,22.433,7.460,24.000,,,,,,,,,,,,
111,4,6,2023,0.000,0.002,546.294,0.000,67.418,67.418,43.836,25.779,10.645,24.000,,,,,,,,,,,,
110,5,6,2023,286.644,148.759,0.000,35.509,21.417,29.944,35.509,22.686,4.411,24.000,,,,,,,,,,,,
109,6,6,2023,1096.166,145.386,0.000,150.459,18.158,150.459,71.020,19.278,45.391,24.000,,,,,,,,,,,,
108,7,6,2023,1021.671,146.875,0.000,131.226,29.163,131.226,77.121,34.979,37.080,24.000,,,,,,,,,,,,
107,8,6,2023,879.862,144.366,0.000,109.940,22.678,109.940,56.941,25.736,32.808,24.000,,,,,,,,,,,,
106,9,6,2023,793.216,137.888,0.002,105.156,17.889,105.156,53.806,19.484,28.655,24.000,,,,,,,,,,,,
105,10,6,2023,0.000,0.000,270.779,0.000,19.433,15.385,19.433,14.192,4.706,24.000,,,,,,,,,,,,
104,11,6,2023,0.000,0.002,262.697,0.000,20.522,20.522,16.207,11.271,5.461,24.000,,,,,,,,,,,,
103,12,6,2023,1123.175,121.992,0.000,155.536,33.733,155.536,82.804,34.247,42.823,24.000,,,,,,,,,,,,
102,13,6,2023,942.126,121.954,0.000,137.028,22.911,137.028,73.686,24.142,35.762,24.000,,,,,,,,,,,,
101,14,6,2023,1063.693,157.300,0.000,126.005,28.447,126.005,88.506,42.082,34.374,24.000,,,,,,,,,,,,
100,15,6,2023,798.442,171.874,0.000,106.986,30.777,106.986,56.402,31.273,26.205,24.000,,,,,,,,,,,,
99,16,6,2023,761.864,145.019,0.001,96.702,27.080,96.702,52.096,31.279,29.392,24.000,,,,,,,,,,,,
98,17,6,2023,0.000,0.000,534.971,0.000,42.860,42.860,42.384,33.638,8.666,24.000,,,,,,,,,,,,
97,18,6,2023,0.000,0.002,565.268,0.000,62.079,62.079,41.372,22.003,17.668,24.000,,,,,,,,,,,,
96,19,6,2023,1104.637,141.190,0.000,133.788,22.482,133.788,82.490,28.123,39.942,24.000,,,,,,,,,,,,
95,20,6,2023,1058.913,174.742,0.000,128.531,33.020,128.531,67.349,35.420,38.863,24.000,,,,,,,,,,,,
94,21,6,2023,1003.587,145.518,0.000,121.764,17.948,121.764,78.100,19.182,29.648,24.000,,,,,,,,,,,,
93,22,6,2023,932.208,174.288,0.000,111.399,24.497,111.399,75.757,24.497,28.207,24.000,,,,,,,,,,,,
92,23,6,2023,1004.412,139.707,0.001,138.479,16.599,138.479,68.197,17.221,39.549,24.000,,,,,,,,,,,,
91,24,6,2023,0.000,0.000,453.977,0.000,35.656,32.961,35.656,34.492,5.121,24.000,,,,,,,,,,,,
90,25,6,2023,0.000,0.003,656.511,0.000,61.318,61.318,57.180,25.554,14.698,24.000,,,,,,,,,,,,
89,26,6,2023,1267.326,152.861,0.000,161.238,23.072,161.238,119.947,25.079,40.053,24.000,,,,,,,,,,,,
88,27,6,2023,985.591,177.277,0.000,125.244,39.869,125.244,76.282,39.869,32.112,24.000,,,,,,,,,,,,
87,28,6,2023,956.077,159.117,0.000,117.341,30.164,117.341,90.800,33.387,29.538,24.000,,,,,,,,,,,,
86,29,6,2023,1198.586,175.855,0.000,167.238,31.299,167.238,109.971,31.299,43.458,24.000,,,,,,,,,,,,
85,30,6,2023,995.853,168.332,0.001,119.403,29.848,119.403,85.470,30.228,34.704,24.000,,,,,,,,,,,,
84,1,7,2023,0.000,0.000,732.345,0.000,70.355,70.355,52.802,33.519,19.172,24.000,,,,,,,,,,,,
83,2,7,2023,0.000,0.002,1033.003,0.000,106.841,106.841,63.298,27.106,25.740,24.000,,,,,,,,,,,,
82,3,7,2023,1733.971,173.040,0.000,232.843,28.821,232.843,108.835,42.793,69.343,24.000,,,,,,,,,,,,
81,4,7,2023,1791.697,168.685,0.000,237.652,39.231,237.652,112.130,52.566,64.588,24.000,,,,,,,,,,,,
80,5,7,2023,1020.366,199.880,0.000,149.809,35.605,149.809,63.795,29.893,44.891,24.000,,,,,,,,,,,,
79,6,7,2023,1649.223,150.464,0.000,212.868,30.778,212.868,85.420,46.304,56.545,24.000,,,,,,,,,,,,
78,7,7,2023,1392.663,157.337,0.004,168.846,43.849,168.846,95.887,62.409,49.638,24.000,,,,,,,,,,,,
77,8,7,2023,0.000,0.000,779.800,0.000,67.645,67.645,51.762,33.663,17.112,24.000,,,,,,,,,,,,
76,9,7,2023,0.000,0.003,726.288,0.000,70.453,70.453,58.399,22.529,16.437,24.000,,,,,,,,,,,,
75,10,7,2023,1353.117,162.755,0.000,165.135,30.323,165.135,93.173,44.784,46.835,24.000,,,,,,,,,,,,
74,11,7,2023,1638.778,216.878,0.000,204.565,34.007,204.565,113.124,62.991,51.741,24.000,,,,,,,,,,,,
73,12,7,2023,1540.768,153.960,0.000,217.256,31.056,217.256,115.357,39.453,57.678,24.000,,,,,,,,,,,,
72,13,7,2023,1472.614,168.659,0.000,179.023,37.827,179.023,101.734,40.391,50.456,24.000,,,,,,,,,,,,
71,14,7,2023,1523.033,195.463,0.003,189.898,32.162,189.898,113.127,35.142,58.245,24.000,,,,,,,,,,,,
70,15,7,2023,0.000,0.000,674.431,0.000,59.948,59.948,55.996,31.745,11.429,24.000,,,,,,,,,,,,
69,16,7,2023,0.000,0.003,953.624,0.000,111.245,111.245,59.784,20.855,27.448,24.000,,,,,,,,,,,,
68,17,7,2023,1770.923,186.149,0.000,220.982,43.957,220.982,138.423,48.681,65.653,24.000,,,,,,,,,,,,
67,18,7,2023,1969.740,194.012,0.000,241.378,52.361,241.378,145.204,61.325,66.068,24.000,,,,,,,,,,,,
66,19,7,2023,1440.898,225.268,0.000,194.343,54.454,194.343,87.289,54.454,43.823,24.000,,,,,,,,,,,,
65,20,7,2023,1292.901,200.252,0.000,185.935,26.178,185.935,93.034,23.679,59.740,24.000,,,,,,,,,,,,
64,21,7,2023,1611.776,176.141,0.003,179.939,33.222,179.939,66.758,21.571,52.736,26.300,,,,,,,,,,,,
63,22,7,2023,0.000,0.000,602.985,0.000,53.855,53.855,33.330,23.350,10.224,24.000,,,,,,,,,,,,
62,23,7,2023,0.000,0.002,795.529,0.000,94.711,94.711,36.933,24.553,20.801,24.000,,,,,,,,,,,,
61,24,7,2023,1404.408,295.370,0.000,182.377,139.763,182.377,62.642,69.749,46.610,24.000,,,,,,,,,,,,
60,25,7,2023,1561.586,325.151,0.000,202.032,165.542,202.032,63.218,63.896,48.716,24.000,,,,,,,,,,,,
59,26,7,2023,1265.432,363.926,0.000,186.374,147.854,186.374,42.561,104.568,46.418,24.000,,,,,,,,,,,,
58,27,7,2023,1244.137,323.999,0.000,177.242,137.631,177.242,51.639,63.179,45.302,24.000,,,,,,,,,,,,
57,28,7,2023,217.118,139.919,0.002,43.073,19.841,43.073,30.793,15.872,10.105,24.000,,,,,,,,,,,,
56,29,7,2023,0.000,0.000,380.264,0.000,25.760,25.760,23.248,14.250,4.001,24.000,,,,,,,,,,,,
55,30,7,2023,0.000,0.002,546.897,0.000,59.607,59.607,19.754,23.126,16.109,24.000,,,,,,,,,,,,
54,31,7,2023,306.814,159.656,0.000,32.410,25.839,32.410,25.692,18.408,4.544,24.000,,,,,,,,,,,,
53,1,8,2023,195.213,129.131,0.000,19.087,14.600,18.990,19.087,18.554,4.757,24.000,,,,,,,,,,,,
52,2,8,2023,318.085,153.977,0.000,42.839,23.978,42.839,22.436,23.978,6.923,24.000,,,,,,,,,,,,
51,3,8,2023,1581.883,385.527,0.000,224.448,211.699,224.448,47.369,107.132,61.794,24.000,,,,,,,,,,,,
50,4,8,2023,1567.815,338.936,0.003,209.845,187.786,209.845,82.497,93.609,56.062,24.000,,,,,,,,,,,,
49,5,8,2023,0.000,0.000,688.546,0.000,75.648,75.648,25.590,15.580,17.870,24.000,,,,,,,,,,,,
48,6,8,2023,0.000,0.003,847.110,0.000,89.930,89.930,33.624,16.900,21.767,24.000,,,,,,,,,,,,
47,7,8,2023,1501.303,324.306,0.000,203.879,154.375,203.879,58.680,77.268,53.006,24.000,,,,,,,,,,,,
46,8,8,2023,1794.980,368.018,0.000,249.804,221.270,249.804,70.254,87.799,67.133,24.000,,,,,,,,,,,,
45,9,8,2023,1297.543,312.417,0.000,184.928,152.614,184.928,45.589,80.052,43.172,24.000,,,,,,,,,,,,
44,10,8,2023,1676.046,339.258,0.000,221.444,183.916,221.444,81.935,98.607,60.017,24.000,,,,,,,,,,,,
43,11,8,2023,1439.108,357.139,0.002,180.629,142.361,180.629,80.331,84.160,57.359,24.000,,,,,,,,,,,,
42,12,8,2023,0.000,0.000,561.583,0.000,47.222,47.222,39.765,19.608,10.590,24.000,,,,,,,,,,,,
41,13,8,2023,0.000,0.004,777.370,0.000,66.776,66.776,31.449,30.535,12.972,24.000,,,,,,,,,,,,
40,14,8,2023,379.525,213.834,0.000,40.355,26.997,40.355,27.409,21.669,5.966,24.000,,,,,,,,,,,,
39,15,8,2023,1824.485,436.802,0.000,263.023,230.660,263.023,72.798,111.425,66.944,24.000,,,,,,,,,,,,
38,16,8,2023,1450.347,391.552,0.000,261.030,190.698,261.030,57.181,102.761,70.558,24.000,,,,,,,,,,,,
37,17,8,2023,1685.058,377.662,0.000,238.972,193.715,238.972,57.504,79.977,62.152,24.000,,,,,,,,,,,,
36,18,8,2023,1496.361,341.349,0.002,217.263,173.844,217.263,65.192,88.064,53.843,24.000,,,,,,,,,,,,
35,19,8,2023,0.000,0.000,910.827,0.000,88.458,88.458,38.606,21.259,20.063,24.000,,,,,,,,,,,,
34,20,8,2023,0.000,0.003,858.595,0.000,92.420,92.420,31.380,27.925,23.823,24.000,,,,,,,,,,,,
33,21,8,2023,1583.532,338.524,0.000,225.273,169.897,225.273,76.225,86.903,59.635,24.000,,,,,,,,,,,,
32,22,8,2023,1574.171,332.808,0.000,209.564,190.867,209.564,53.221,69.106,60.424,24.000,,,,,,,,,,,,
31,23,8,2023,1248.980,319.817,0.000,205.640,167.032,205.640,52.034,69.942,52.568,24.000,,,,,,,,,,,,
30,24,8,2023,1375.813,326.474,0.000,194.940,166.459,194.940,40.609,77.056,48.278,24.000,,,,,,,,,,,,
29,25,8,2023,1329.467,320.495,0.003,183.452,144.616,183.452,74.398,59.373,44.330,24.000,,,,,,,,,,,,
28,26,8,2023,0.000,0.000,742.295,0.000,66.778,66.778,34.752,29.114,14.017,24.000,,,,,,,,,,,,
27,27,8,2023,0.000,0.002,712.031,0.000,65.059,65.059,33.840,21.481,11.282,24.000,,,,,,,,,,,,
26,28,8,2023,994.973,347.233,0.000,157.807,152.559,157.807,29.978,83.795,39.757,24.000,,,,,,,,,,,,
25,29,8,2023,1283.008,353.027,0.000,191.562,165.381,191.562,46.367,78.383,49.806,24.000,,,,,,,,,,,,
24,30,8,2023,937.382,335.843,0.000,157.586,164.166,164.166,40.383,105.675,41.687,24.000,,,,,,,,,,,,
23,31,8,2023,1297.546,313.870,0.000,198.394,158.336,198.394,36.835,79.404,56.404,24.000,,,,,,,,,,,,
22,1,9,2023,816.744,255.808,0.003,130.144,108.337,130.144,18.323,56.931,37.462,24.000,,,,,,,,,,,,
23,2,9,2023,0.000,0.000,227.040,0.000,30.280,30.280,20.761,16.060,6.260,16.900,,,,,,,,,,,,
22,3,9,2023,0.000,0.002,233.749,0.000,30.759,30.759,26.698,17.634,4.714,15.100,,,,,,,,,,,,
21,4,9,2023,1754.820,380.057,0.000,230.119,191.422,230.119,50.707,106.817,60.353,24.000,,,,,,,,,,,,
20,5,9,2023,1953.296,363.876,0.000,253.475,209.543,253.475,85.637,68.023,61.324,24.000,,,,,,,,,,,,
19,6,9,2023,1487.234,380.691,0.000,228.529,187.819,228.529,51.896,77.192,66.874,24.000,,,,,,,,,,,,
18,7,9,2023,1546.135,366.282,0.000,220.314,156.057,220.314,56.835,70.990,58.072,24.000,,,,,,,,,,,,
17,8,9,2023,1350.753,349.243,0.003,179.346,157.009,179.346,58.726,52.941,46.257,24.000,,,,,,,,,,,,
16,9,9,2023,0.000,0.000,225.959,0.000,36.880,36.880,33.007,16.377,4.975,15.300,,,,,,,,,,,,
15,10,9,2023,0.000,0.002,197.854,0.000,28.128,25.924,28.128,22.556,5.964,14.500,,,,,,,,,,,,
14,11,9,2023,1410.407,326.151,0.000,191.381,155.013,191.381,53.358,74.093,46.036,24.000,,,,,,,,,,,,
13,12,9,2023,1507.962,321.155,0.000,216.909,180.336,216.909,68.539,63.662,47.886,24.000,,,,,,,,,,,,
12,13,9,2023,1309.253,293.942,0.000,196.038,165.800,196.038,49.883,48.737,46.261,24.000,,,,,,,,,,,,
11,14,9,2023,1473.880,299.474,0.000,228.739,144.581,228.739,64.375,65.952,62.800,24.000,,,,,,,,,,,,
10,15,9,2023,1287.282,264.051,0.002,166.301,116.785,166.301,51.125,57.814,38.624,24.000,,,,,,,,,,,,
9,16,9,2023,0.000,0.000,286.449,0.000,27.410,27.410,19.015,22.419,4.862,18.200,,,,,,,,,,,,
8,17,9,2023,0.000,0.003,461.735,0.000,30.653,30.653,22.785,19.724,7.703,24.000,,,,,,,,,,,,
7,18,9,2023,1485.520,353.157,0.000,208.208,163.226,208.208,47.026,76.126,50.457,24.000,,,,,,,,,,,,
6,19,9,2023,1574.942,368.771,0.000,214.911,166.619,214.911,87.384,76.032,54.943,24.000,,,,,,,,,,,,
5,20,9,2023,1387.239,316.120,0.000,243.205,204.093,243.205,57.970,66.246,63.060,24.000,,,,,,,,,,,,
4,21,9,2023,1584.119,285.039,0.000,205.726,142.659,205.726,82.849,62.849,53.370,24.000,,,,,,,,,,,,
3,22,9,2023,1213.137,293.153,0.004,161.122,124.516,161.122,65.740,45.995,37.337,24.000,,,,,,,,,,,,
2,23,9,2023,0.000,0.000,613.345,0.000,52.156,52.156,24.862,20.226,10.599,24.000,,,,,,,,,,,,
1,24,9,2023,0.000,0.004,890.248,0.000,92.396,92.396,33.355,37.186,20.032,24.000,,,,,,,,,,,,
3,25,9,2023,1325.798,353.726,0.000,167.307,152.098,167.307,62.786,74.063,37.174,24.000,,,,,,,,,,,,
2,26,9,2023,1446.136,345.011,0.000,191.510,158.587,191.510,59.116,78.020,45.505,24.000,,,,,,,,,,,,
1,27,9,2023,1154.829,287.400,0.000,159.351,118.085,159.351,46.445,66.571,40.803,24.000,,,,,,,,,,,,
2,28,9,2023,1365.070,305.855,0.000,178.987,129.881,178.987,55.559,54.599,51.856,24.000,,,,,,,,,,,,
1,29,9,2023,1151.877,310.069,0.003,168.244,137.875,168.244,57.271,59.730,34.800,24.000,,,,,,,,,,,,
12,30,9,2023,0.000,0.000,543.114,0.000,44.604,44.604,25.053,18.518,5.529,24.000,,,,,,,,,,,,
11,1,10,2023,0.000,0.003,567.569,0.000,51.676,51.676,24.639,22.124,7.801,24.000,,,,,,,,,,,,
10,2,10,2023,1272.112,305.149,0.000,180.254,150.907,180.254,42.955,49.931,47.152,24.000,,,,,,,,,,,,
9,3,10,2023,1507.759,366.741,0.000,204.396,169.731,204.396,56.614,86.143,51.503,24.000,,,,,,,,,,,,
8,4,10,2023,1063.988,302.411,0.000,174.533,149.983,174.533,27.094,62.549,44.958,24.000,,,,,,,,,,,,
7,5,10,2023,1161.914,254.930,0.000,173.831,128.911,173.831,33.086,51.205,38.195,24.000,,,,,,,,,,,,
6,6,10,2023,1104.139,279.511,0.002,142.394,129.621,142.394,46.991,55.935,31.663,24.000,,,,,,,,,,,,
5,7,10,2023,0.000,0.000,544.469,0.000,44.619,44.619,22.643,14.688,7.009,24.000,,,,,,,,,,,,
4,8,10,2023,0.000,0.003,508.211,0.000,43.104,43.104,25.746,16.529,5.494,24.000,,,,,,,,,,,,
3,9,10,2023,1428.681,272.818,0.000,208.594,150.671,208.594,51.462,60.268,53.046,24.000,,,,,,,,,,,,
2,10,10,2023,1408.376,262.856,0.000,185.274,115.652,185.274,55.664,40.716,43.812,24.000,,,,,,,,,,,,
1,11,10,2023,1220.270,299.504,0.000,162.549,120.732,162.549,62.307,65.635,40.471,24.000,,,,,,,,,,,,
9,12,10,2023,1130.888,255.116,0.000,173.240,122.722,173.240,34.087,41.729,39.174,24.000,,,,,,,,,,,,
8,13,10,2023,328.666,152.575,0.001,34.384,32.837,34.384,22.534,18.730,4.834,24.000,,,,,,,,,,,,
7,14,10,2023,0.000,0.000,533.170,0.000,47.987,47.987,27.869,18.783,5.499,24.000,,,,,,,,,,,,
6,15,10,2023,0.000,0.001,380.725,0.000,34.802,34.802,19.214,12.651,5.653,24.000,,,,,,,,,,,,
5,16,10,2023,1471.669,273.775,0.000,209.864,153.404,209.864,60.219,57.065,56.299,24.000,,,,,,,,,,,,
4,17,10,2023,1585.284,298.110,0.000,212.857,149.884,212.857,83.557,57.321,57.053,24.000,,,,,,,,,,,,
3,18,10,2023,1136.587,275.879,0.000,177.001,147.487,177.001,37.581,57.923,45.939,24.000,,,,,,,,,,,,
2,19,10,2023,1355.160,302.011,0.000,181.833,153.039,181.833,48.203,53.924,48.579,24.000,,,,,,,,,,,,
1,20,10,2023,1417.002,318.373,0.002,187.594,153.294,187.594,53.267,56.954,45.565,24.000,,,,,,,,,,,,
32,21,10,2023,0.000,0.000,479.593,0.000,38.330,38.330,25.146,17.436,5.503,24.000,,,,,,,,,,,,
31,22,10,2023,0.000,0.000,612.948,0.000,60.079,60.079,19.394,21.630,14.038,24.000,,,,,,,,,,,,
30,23,10,2023,0.000,0.002,481.484,0.000,40.711,40.711,21.289,24.159,7.034,24.000,,,,,,,,,,,,
29,24,10,2023,1052.062,312.884,0.000,137.511,129.759,137.511,35.018,75.705,35.505,24.000,,,,,,,,,,,,
28,25,10,2023,1020.549,249.611,0.000,141.275,113.375,141.275,32.521,39.823,32.920,24.000,,,,,,,,,,,,
27,26,10,2023,1010.352,266.720,0.000,125.075,104.725,125.075,39.455,70.904,32.316,24.000,,,,,,,,,,,,
26,27,10,2023,991.616,291.969,0.002,157.411,153.575,157.411,49.286,67.176,33.276,24.000,,,,,,,,,,,,
25,28,10,2023,0.000,0.000,432.197,0.000,40.078,40.078,14.797,18.467,4.931,24.000,,,,,,,,,,,,
24,29,10,2023,0.000,0.002,350.383,0.000,23.179,23.179,20.993,15.485,3.884,24.000,,,,,,,,,,,,
23,30,10,2023,944.254,305.540,0.000,123.086,125.774,125.774,44.581,64.504,36.808,24.000,,,,,,,,,,,,
22,31,10,2023,1132.908,258.068,0.000,144.437,117.893,144.437,57.331,50.372,37.257,24.000,,,,,,,,,,,,
21,1,11,2023,1118.428,278.680,0.000,165.290,141.560,165.290,37.564,64.693,42.172,24.000,,,,,,,,,,,,
20,2,11,2023,1088.587,232.762,0.000,145.344,98.425,145.344,64.649,44.306,36.674,24.000,,,,,,,,,,,,
19,3,11,2023,1028.256,276.080,0.003,161.542,147.391,161.542,44.235,46.476,43.252,24.000,,,,,,,,,,,,
18,4,11,2023,0.000,0.000,433.656,0.000,45.224,45.224,16.583,18.061,11.979,24.000,,,,,,,,,,,,
17,5,11,2023,0.000,0.002,350.623,0.000,38.116,38.116,13.366,10.809,10.287,24.000,,,,,,,,,,,,
16,6,11,2023,952.647,206.962,0.000,120.525,88.712,120.525,40.868,35.196,31.484,24.000,,,,,,,,,,,,
15,7,11,2023,763.853,205.812,0.000,92.920,73.711,92.920,40.817,43.881,24.168,24.000,,,,,,,,,,,,
14,8,11,2023,891.264,196.122,0.000,118.906,64.988,118.906,40.640,42.190,32.274,24.000,,,,,,,,,,,,
13,9,11,2023,963.516,219.006,0.000,125.116,47.585,125.116,57.341,47.499,31.508,24.000,,,,,,,,,,,,
12,10,11,2023,700.273,195.215,0.000,96.080,49.884,96.080,29.529,40.895,28.003,24.000,,,,,,,,,,,,
11,11,11,2023,0.000,0.000,277.710,0.000,18.681,18.681,14.274,13.241,4.044,24.000,,,,,,,,,,,,
10,12,11,2023,0.000,0.003,481.287,0.000,41.618,41.618,18.252,16.036,7.846,24.000,,,,,,,,,,,,
9,13,11,2023,639.607,211.362,0.000,85.674,68.790,85.674,26.013,34.680,22.852,24.000,,,,,,,,,,,,
8,14,11,2023,548.185,184.238,0.000,70.049,43.465,70.049,24.907,29.777,16.882,24.000,,,,,,,,,,,,
7,15,11,2023,722.944,185.013,0.000,88.732,58.036,88.732,35.533,27.479,22.166,24.000,,,,,,,,,,,,
6,16,11,2023,765.417,199.992,0.000,104.382,68.414,104.382,19.697,46.139,25.058,24.000,,,,,,,,,,,,
5,17,11,2023,703.731,174.231,0.001,94.984,61.534,94.984,25.225,29.971,23.203,24.000,,,,,,,,,,,,
4,18,11,2023,0.000,0.000,335.101,0.000,30.314,30.314,11.009,13.688,6.014,24.000,,,,,,,,,,,,
3,19,11,2023,0.000,0.002,446.570,0.000,45.593,45.593,12.128,19.149,5.191,24.000,,,,,,,,,,,,
2,20,11,2023,975.726,216.595,0.000,135.280,111.903,135.280,39.110,52.315,38.622,24.000,,,,,,,,,,,,
1,21,11,2023,1039.885,245.977,0.000,155.292,131.726,155.292,28.738,54.482,36.740,24.000,,,,,,,,,,,,
77,22,11,2023,800.561,237.988,0.000,122.715,106.766,122.715,46.195,53.344,29.582,24.000,,,,,,,,,,,,
76,23,11,2023,1011.069,241.346,0.000,137.165,110.080,137.165,50.490,43.216,30.722,24.000,,,,,,,,,,,,
75,24,11,2023,1252.965,252.471,0.002,174.859,150.217,174.859,52.331,52.663,44.732,24.000,,,,,,,,,,,,
74,25,11,2023,0.000,0.000,806.852,0.000,93.325,93.325,14.469,40.113,22.603,24.000,,,,,,,,,,,,
73,26,11,2023,0.000,0.002,598.007,0.000,62.841,62.841,18.873,17.463,15.445,24.000,,,,,,,,,,,,
72,27,11,2023,1149.840,252.750,0.000,168.290,116.082,168.290,48.792,54.841,41.212,24.000,,,,,,,,,,,,
71,28,11,2023,1256.427,282.080,0.000,179.081,130.128,179.081,39.895,53.607,46.361,24.000,,,,,,,,,,,,
70,29,11,2023,821.451,237.171,0.000,126.633,100.265,126.633,37.463,46.618,33.497,24.000,,,,,,,,,,,,
69,30,11,2023,1357.841,256.525,0.000,194.190,127.282,194.190,45.231,59.436,47.522,24.000,,,,,,,,,,,,
68,1,12,2023,1193.643,245.949,0.001,176.251,119.694,176.251,50.678,53.151,41.539,24.000,,,,,,,,,,,,
67,2,12,2023,0.000,0.000,443.088,0.000,37.568,37.568,20.214,14.143,6.443,24.000,,,,,,,,,,,,
66,3,12,2023,0.000,0.002,506.940,0.000,64.090,64.090,15.311,14.293,17.468,24.000,,,,,,,,,,,,
65,4,12,2023,1185.003,240.040,0.003,177.744,124.572,177.744,43.778,57.640,44.224,24.000,,,,,,,,,,,,
64,5,12,2023,0.000,0.002,478.130,0.000,52.076,52.076,26.503,18.009,5.678,24.000,,,,,,,,,,,,
63,6,12,2023,1291.717,283.824,0.000,169.488,140.689,169.488,53.149,71.565,49.429,24.000,,,,,,,,,,,,
62,7,12,2023,1417.113,319.111,0.000,194.020,124.937,194.020,63.216,79.630,53.962,24.000,,,,,,,,,,,,
61,8,12,2023,1313.991,246.349,0.002,196.273,131.294,196.273,62.848,51.741,48.252,24.000,,,,,,,,,,,,
60,9,12,2023,0.000,0.000,425.582,0.000,53.461,53.461,13.340,12.695,8.973,24.000,,,,,,,,,,,,
59,10,12,2023,0.000,0.001,398.554,0.000,42.174,42.174,23.832,13.454,5.351,24.000,,,,,,,,,,,,
58,11,12,2023,242.454,127.013,0.000,29.912,19.952,29.912,17.655,15.688,4.980,24.000,,,,,,,,,,,,
57,12,12,2023,1834.816,300.290,0.000,242.652,189.767,242.652,84.679,86.006,64.455,24.000,,,,,,,,,,,,
56,13,12,2023,1619.779,350.289,0.000,197.600,192.097,197.600,91.114,49.850,54.575,24.000,,,,,,,,,,,,
55,14,12,2023,1426.116,438.214,0.000,176.651,159.507,176.651,94.174,72.759,50.124,24.000,,,,,,,,,,,,
54,15,12,2023,1505.458,308.042,0.002,217.200,157.944,217.200,65.074,57.487,52.888,24.000,,,,,,,,,,,,
53,16,12,2023,0.000,0.000,839.978,0.000,101.847,101.847,15.765,27.036,24.091,24.000,,,,,,,,,,,,
52,17,12,2023,0.000,0.001,622.131,0.000,74.227,74.227,24.281,23.698,13.137,24.000,,,,,,,,,,,,
51,18,12,2023,1513.758,282.012,0.000,212.205,135.718,212.205,64.272,77.585,60.294,24.000,,,,,,,,,,,,
50,19,12,2023,1396.579,330.157,0.000,191.777,149.263,191.777,75.316,86.180,48.108,24.000,,,,,,,,,,,,
49,20,12,2023,970.060,266.300,0.000,136.426,124.457,136.426,45.660,56.214,37.735,24.000,,,,,,,,,,,,
48,21,12,2023,1559.342,289.972,0.000,221.353,161.995,221.353,59.470,66.883,56.578,24.000,,,,,,,,,,,,
47,22,12,2023,1059.102,233.866,0.002,142.486,93.836,142.486,51.003,38.919,33.234,24.000,,,,,,,,,,,,
46,23,12,2023,0.000,0.000,335.990,0.000,23.704,23.704,16.531,15.243,4.460,24.000,,,,,,,,,,,,
45,24,12,2023,0.000,0.001,386.584,0.000,39.314,39.314,13.897,19.658,8.427,24.000,,,,,,,,,,,,
44,25,12,2023,712.043,160.297,0.000,106.423,56.574,106.423,21.749,26.686,19.831,24.000,,,,,,,,,,,,
43,26,12,2023,710.949,180.261,0.000,91.787,67.136,91.787,22.047,21.635,11.771,24.000,,,,,,,,,,,,
42,27,12,2023,563.456,174.190,0.000,68.179,48.494,68.179,36.998,22.775,12.947,24.000,,,,,,,,,,,,
41,28,12,2023,649.033,182.030,0.000,97.574,67.013,97.574,15.069,30.986,21.932,24.000,,,,,,,,,,,,
40,29,12,2023,133.863,104.905,0.003,17.821,11.982,14.839,17.821,11.982,5.288,24.000,,,,,,,,,,,,
39,30,12,2023,0.000,0.000,241.414,0.000,19.065,19.065,12.695,10.746,5.480,24.000,,,,,,,,,,,,
38,31,12,2023,0.000,0.000,220.954,0.000,17.399,17.399,10.481,10.882,5.386,24.000,,,,,,,,,,,,
37,1,1,2024,0.000,0.003,318.011,0.000,22.756,17.997,22.756,13.391,5.406,24.000,,,,,,,,,,,,
36,2,1,2024,1148.995,251.946,0.000,149.521,103.524,149.521,43.741,46.277,38.474,24.000,,,,,,,,,,,,
35,3,1,2024,1342.685,242.253,0.000,183.101,124.704,183.101,57.533,35.560,45.047,24.000,,,,,,,,,,,,
34,4,1,2024,1537.894,266.637,0.000,210.935,145.065,210.935,50.392,38.657,56.610,24.000,,,,,,,,,,,,
33,5,1,2024,1301.326,260.660,0.003,171.376,113.979,171.376,64.526,60.780,42.867,24.000,,,,,,,,,,,,
32,6,1,2024,0.000,0.000,497.731,0.000,55.237,55.237,20.584,14.506,9.786,24.000,,,,,,,,,,,,
31,7,1,2024,0.000,0.003,543.690,0.000,61.449,61.449,14.277,15.270,16.146,24.000,,,,,,,,,,,,
30,8,1,2024,1310.785,255.145,0.000,181.756,100.546,181.756,34.176,56.592,47.487,24.000,,,,,,,,,,,,
29,9,1,2024,1543.582,241.932,0.000,195.670,127.729,195.670,69.353,49.387,48.717,24.000,,,,,,,,,,,,
28,10,1,2024,1232.751,236.077,0.000,156.282,97.787,156.282,64.145,42.742,47.282,24.000,,,,,,,,,,,,
27,11,1,2024,1508.707,273.955,0.000,202.106,142.741,202.106,46.997,47.804,58.394,24.000,,,,,,,,,,,,
26,12,1,2024,1352.324,310.774,0.003,194.076,139.293,194.076,65.030,56.963,43.762,24.000,,,,,,,,,,,,
25,13,1,2024,0.000,0.000,888.992,0.000,98.863,98.863,19.171,26.859,26.891,24.000,,,,,,,,,,,,
24,14,1,2024,0.000,0.003,742.852,0.000,72.950,72.950,27.844,21.841,16.446,24.000,,,,,,,,,,,,
23,15,1,2024,1058.494,283.182,0.000,166.000,117.555,166.000,33.277,46.140,46.879,24.000,,,,,,,,,,,,
22,16,1,2024,1154.561,263.682,0.000,185.111,137.779,185.111,42.144,45.044,47.413,24.000,,,,,,,,,,,,
21,17,1,2024,940.048,236.030,0.000,154.226,114.019,154.226,22.169,49.515,41.873,24.000,,,,,,,,,,,,
20,18,1,2024,1059.613,242.692,0.000,155.670,100.849,155.670,36.673,42.634,41.160,24.000,,,,,,,,,,,,
19,19,1,2024,917.071,235.333,0.003,152.970,110.608,152.970,29.471,46.627,40.858,24.000,,,,,,,,,,,,
18,20,1,2024,0.000,0.000,593.272,0.000,60.538,60.538,21.528,26.398,11.230,24.000,,,,,,,,,,,,
17,21,1,2024,0.000,0.004,646.277,0.000,73.819,73.819,25.398,25.068,16.659,24.000,,,,,,,,,,,,
16,22,1,2024,1316.184,308.531,0.000,200.121,132.251,200.121,49.815,68.119,58.939,24.000,,,,,,,,,,,,
15,23,1,2024,1251.814,267.720,0.000,164.937,128.718,164.937,44.918,46.487,37.870,24.000,,,,,,,,,,,,
14,24,1,2024,824.743,224.526,0.000,120.985,96.501,120.985,36.445,46.741,35.336,24.000,,,,,,,,,,,,
13,25,1,2024,1030.575,206.661,0.000,161.149,95.219,161.149,41.699,32.852,37.296,24.000,,,,,,,,,,,,
12,26,1,2024,763.897,156.597,0.001,94.850,51.177,94.850,53.336,18.677,16.681,24.000,,,,,,,,,,,,
11,27,1,2024,0.000,0.000,605.549,0.000,73.503,73.503,23.244,19.974,12.622,24.000,,,,,,,,,,,,
10,28,1,2024,0.000,0.003,635.505,0.000,53.983,53.983,38.065,19.221,9.843,24.000,,,,,,,,,,,,
9,29,1,2024,1152.354,253.812,0.000,160.290,100.852,160.290,49.183,43.908,39.341,24.000,,,,,,,,,,,,
8,30,1,2024,1297.763,312.447,0.000,171.026,152.070,171.026,59.803,55.911,42.086,24.000,,,,,,,,,,,,
7,31,1,2024,195.712,157.398,0.000,22.405,22.460,22.405,21.946,22.460,6.294,24.000,,,,,,,,,,,,
6,1,2,2024,1311.111,243.356,0.000,190.716,127.187,190.716,38.325,43.051,44.155,24.000,,,,,,,,,,,,
5,2,2,2024,1182.962,222.017,0.003,141.591,101.485,141.591,74.137,37.046,36.030,24.000,,,,,,,,,,,,
4,3,2,2024,0.000,0.000,717.029,0.000,76.232,76.232,27.612,28.356,21.853,24.000,,,,,,,,,,,,
3,4,2,2024,0.000,0.002,631.743,0.000,63.741,63.741,29.765,18.170,16.029,24.000,,,,,,,,,,,,
2,5,2,2024,1571.859,250.788,0.000,214.667,118.302,214.667,48.435,40.076,51.755,24.000,,,,,,,,,,,,
1,6,2,2024,1594.938,314.277,0.000,220.692,156.749,220.692,46.647,61.587,59.939,24.000,,,,,,,,,,,,
159,7,2,2024,1295.935,266.403,0.000,194.846,127.922,194.846,45.935,61.072,55.244,24.000,,,,,,,,,,,,
158,8,2,2024,1412.105,258.588,0.000,212.436,129.923,212.436,39.603,63.988,56.625,24.000,,,,,,,,,,,,
157,9,2,2024,1310.375,242.709,0.002,197.986,123.457,197.986,48.281,36.967,53.312,24.000,,,,,,,,,,,,
156,10,2,2024,0.000,0.000,436.506,0.000,37.733,37.733,28.580,18.033,8.041,24.000,,,,,,,,,,,,
155,11,2,2024,0.000,0.001,404.228,0.000,34.364,34.364,19.534,16.579,5.387,24.000,,,,,,,,,,,,
154,12,2,2024,1196.373,210.508,0.000,166.910,93.875,166.910,43.411,45.256,35.389,24.000,,,,,,,,,,,,
153,13,2,2024,1362.632,248.583,0.000,183.285,107.190,183.285,63.752,56.305,43.869,24.000,,,,,,,,,,,,
152,14,2,2024,1016.332,233.034,0.000,145.816,103.907,145.816,38.072,48.755,41.414,24.000,,,,,,,,,,,,
151,15,2,2024,1388.429,216.895,0.000,194.227,112.204,194.227,50.429,50.493,55.505,24.000,,,,,,,,,,,,
150,16,2,2024,1372.394,217.597,0.003,174.647,129.965,174.647,76.474,28.731,49.379,24.000,,,,,,,,,,,,
149,17,2,2024,0.000,0.000,281.735,0.000,38.679,35.791,38.679,25.048,10.015,16.600,,,,,,,,,,,,
148,18,2,2024,0.000,0.002,639.610,0.000,59.642,59.642,24.840,22.634,5.360,24.000,,,,,,,,,,,,
147,19,2,2024,1461.552,242.601,0.000,195.624,130.055,195.624,42.336,48.005,51.355,24.000,,,,,,,,,,,,
146,20,2,2024,1623.209,266.500,0.000,202.310,145.509,202.310,71.732,47.142,58.442,24.000,,,,,,,,,,,,
145,21,2,2024,1407.541,292.955,0.000,183.869,145.803,183.869,74.166,64.618,51.735,24.000,,,,,,,,,,,,
144,22,2,2024,1474.319,331.372,0.000,203.827,138.409,203.827,55.264,73.171,50.907,24.000,,,,,,,,,,,,
143,23,2,2024,1318.138,272.452,0.003,165.469,119.529,165.469,76.877,48.633,48.017,24.000,,,,,,,,,,,,
142,24,2,2024,0.000,0.000,346.372,0.000,22.426,22.426,15.497,21.375,5.726,24.000,,,,,,,,,,,,
141,25,2,2024,0.000,0.002,498.982,0.000,49.462,49.462,20.366,17.397,10.878,24.000,,,,,,,,,,,,
140,26,2,2024,374.500,138.645,0.000,56.198,18.806,56.198,28.447,18.598,11.891,24.000,,,,,,,,,,,,
139,27,2,2024,1766.225,370.314,0.000,216.978,145.851,216.978,67.782,99.769,56.504,24.000,,,,,,,,,,,,
138,28,2,2024,1230.685,258.656,0.000,203.129,130.908,203.129,54.220,49.246,61.514,24.000,,,,,,,,,,,,
137,29,2,2024,1408.329,272.910,0.000,199.322,135.321,199.322,67.514,52.893,59.021,24.000,,,,,,,,,,,,
136,1,3,2024,1536.874,259.484,0.003,208.129,158.841,208.129,73.292,58.772,49.644,24.000,,,,,,,,,,,,
135,2,3,2024,0.000,0.000,519.174,0.000,55.609,55.609,27.200,17.859,13.371,24.000,,,,,,,,,,,,
134,3,3,2024,0.000,0.001,568.282,0.000,54.111,54.111,25.163,14.555,10.692,24.000,,,,,,,,,,,,
133,4,3,2024,1927.872,329.302,0.000,258.187,183.529,258.187,87.230,82.609,67.503,24.000,,,,,,,,,,,,
132,5,3,2024,1799.852,290.102,0.000,239.513,144.734,239.513,83.365,58.958,65.981,24.000,,,,,,,,,,,,
131,6,3,2024,1594.702,271.089,0.000,209.623,160.273,209.623,67.790,75.549,57.428,24.000,,,,,,,,,,,,
130,7,3,2024,1784.593,256.400,0.000,241.923,161.500,241.923,82.902,39.412,67.490,24.000,,,,,,,,,,,,
129,8,3,2024,1626.635,262.787,0.003,221.385,139.545,221.385,67.590,47.336,60.048,24.000,,,,,,,,,,,,
128,9,3,2024,0.000,0.000,576.046,0.000,69.494,69.494,16.665,16.296,15.554,24.000,,,,,,,,,,,,
127,10,3,2024,0.000,0.002,686.109,0.000,66.120,66.120,30.426,25.161,14.224,24.000,,,,,,,,,,,,
126,11,3,2024,1456.446,265.890,0.000,220.728,131.499,220.728,40.526,47.034,65.993,24.000,,,,,,,,,,,,
125,12,3,2024,1427.894,294.488,0.000,183.239,144.551,183.239,64.030,41.976,59.871,24.000,,,,,,,,,,,,
124,13,3,2024,1347.439,226.860,0.000,217.392,138.638,217.392,73.506,45.818,55.464,24.000,,,,,,,,,,,,
123,14,3,2024,1502.886,230.819,0.000,193.968,119.099,193.968,84.501,34.820,52.977,24.000,,,,,,,,,,,,
122,15,3,2024,1517.220,270.683,0.002,215.722,144.009,215.722,60.570,38.164,60.700,24.000,,,,,,,,,,,,
121,16,3,2024,0.000,0.000,500.075,0.000,33.879,33.879,26.352,22.113,4.475,24.000,,,,,,,,,,,,
120,17,3,2024,0.000,0.003,628.404,0.000,47.414,47.414,35.640,29.852,4.447,24.000,,,,,,,,,,,,
119,18,3,2024,1348.316,253.477,0.000,187.485,94.804,187.485,58.781,36.003,53.208,24.000,,,,,,,,,,,,
118,19,3,2024,1308.388,232.558,0.000,159.558,114.689,159.558,65.770,35.688,46.103,24.000,,,,,,,,,,,,
117,20,3,2024,825.966,214.276,0.000,115.762,74.527,115.762,48.393,36.412,27.616,24.000,,,,,,,,,,,,
116,21,3,2024,872.361,190.223,0.000,129.321,69.449,129.321,44.031,32.494,36.939,24.000,,,,,,,,,,,,
115,22,3,2024,1032.811,234.571,0.002,143.089,85.235,143.089,30.349,43.696,42.299,24.000,,,,,,,,,,,,
114,23,3,2024,0.000,0.000,405.672,0.000,43.658,43.658,25.384,18.245,12.264,24.000,,,,,,,,,,,,
113,24,3,2024,0.000,0.004,579.085,0.000,58.999,58.999,22.870,17.804,14.481,24.000,,,,,,,,,,,,
112,25,3,2024,1427.600,272.580,0.000,181.889,118.450,181.889,54.142,73.601,48.225,24.000,,,,,,,,,,,,
111,26,3,2024,1101.194,209.281,0.000,145.755,86.497,145.755,41.737,43.523,45.401,24.000,,,,,,,,,,,,
110,27,3,2024,853.063,218.759,0.000,109.167,69.383,109.167,35.242,39.679,32.619,24.000,,,,,,,,,,,,
109,28,3,2024,799.804,173.628,0.000,102.945,53.296,102.945,24.954,26.092,30.132,24.000,,,,,,,,,,,,
108,29,3,2024,718.805,173.634,0.003,90.133,56.529,90.133,26.571,18.869,28.694,24.000,,,,,,,,,,,,
107,30,3,2024,0.000,0.000,552.740,0.000,46.122,46.122,36.808,23.461,10.397,24.000,,,,,,,,,,,,
106,31,3,2024,0.000,0.003,535.605,0.000,31.697,31.697,25.517,27.738,6.934,24.000,,,,,,,,,,,,
105,1,4,2024,805.882,253.219,0.000,98.931,68.027,98.931,32.600,46.593,26.877,24.000,,,,,,,,,,,,
104,2,4,2024,451.828,177.091,0.000,64.056,28.569,64.056,25.247,28.569,12.451,24.000,,,,,,,,,,,,
103,3,4,2024,647.874,231.061,0.000,97.717,59.448,97.717,21.903,27.024,28.470,24.000,,,,,,,,,,,,
102,4,4,2024,817.867,189.540,0.000,104.520,70.197,104.520,26.070,35.823,26.233,24.000,,,,,,,,,,,,
101,5,4,2024,826.356,176.168,0.003,109.200,76.258,109.200,15.626,22.246,28.699,24.000,,,,,,,,,,,,
100,6,4,2024,0.000,0.000,490.201,0.000,34.527,34.527,26.849,24.349,5.162,24.000,,,,,,,,,,,,
99,7,4,2024,0.000,0.001,382.959,0.000,22.252,22.252,16.571,18.741,3.451,24.000,,,,,,,,,,,,
98,8,4,2024,343.981,153.257,0.000,46.952,22.450,46.952,35.058,22.450,12.417,24.000,,,,,,,,,,,,
97,9,4,2024,649.106,178.953,0.000,77.721,48.994,77.721,32.565,27.087,23.511,24.000,,,,,,,,,,,,
96,10,4,2024,470.729,140.418,0.000,66.306,34.336,66.306,35.362,15.969,13.383,24.000,,,,,,,,,,,,
95,11,4,2024,530.964,134.711,0.000,71.297,41.494,71.297,22.037,15.970,17.769,24.000,,,,,,,,,,,,
94,12,4,2024,244.784,132.760,0.001,33.803,16.201,33.803,29.817,17.355,8.522,24.000,,,,,,,,,,,,
93,13,4,2024,0.000,0.000,311.085,0.000,26.945,26.945,17.639,14.580,6.479,24.000,,,,,,,,,,,,
92,14,4,2024,0.000,0.000,387.462,0.000,30.179,30.179,27.328,14.653,6.268,24.000,,,,,,,,,,,,
91,15,4,2024,0.000,0.001,358.795,0.000,23.073,23.014,23.073,16.675,3.263,24.000,,,,,,,,,,,,
90,16,4,2024,247.556,147.469,0.000,31.542,17.138,31.542,17.303,17.138,7.080,24.000,,,,,,,,,,,,
89,17,4,2024,917.946,166.211,0.000,112.053,51.935,112.053,44.521,28.018,29.590,24.000,,,,,,,,,,,,
88,18,4,2024,1058.758,260.175,0.000,140.202,133.569,140.202,52.696,48.825,41.958,24.000,,,,,,,,,,,,
87,19,4,2024,772.394,195.863,0.002,96.766,75.595,96.766,19.569,29.751,29.045,24.000,,,,,,,,,,,,
86,20,4,2024,0.000,0.000,322.504,0.000,23.455,23.455,13.639,21.618,4.653,24.000,,,,,,,,,,,,
85,21,4,2024,0.000,0.002,582.599,0.000,52.456,52.456,16.715,21.295,14.066,24.000,,,,,,,,,,,,
84,22,4,2024,1134.036,217.494,0.000,139.393,76.076,139.393,64.354,38.610,47.773,24.000,,,,,,,,,,,,
83,23,4,2024,1361.624,179.557,0.000,180.183,86.013,180.183,54.531,19.749,62.364,24.000,,,,,,,,,,,,
82,24,4,2024,1329.222,211.809,0.000,182.412,88.981,182.412,52.145,39.456,61.380,24.000,,,,,,,,,,,,
81,25,4,2024,1535.437,226.011,0.000,202.558,135.486,202.558,51.944,37.423,52.307,24.000,,,,,,,,,,,,
80,26,4,2024,1153.416,209.550,0.002,183.849,92.607,183.849,38.365,46.341,61.028,24.000,,,,,,,,,,,,
79,27,4,2024,0.000,0.000,418.358,0.000,37.835,37.835,17.617,19.289,7.029,24.000,,,,,,,,,,,,
78,28,4,2024,0.000,0.002,397.779,0.000,38.840,38.840,20.046,20.328,9.473,24.000,,,,,,,,,,,,
77,29,4,2024,930.150,169.234,0.000,124.485,66.501,124.485,49.605,22.555,37.542,24.000,,,,,,,,,,,,
76,30,4,2024,1124.245,304.542,0.002,148.342,98.552,148.342,37.279,58.409,43.924,24.000,,,,,,,,,,,,
75,1,5,2024,0.000,0.001,1780.656,0.000,194.654,194.654,59.009,34.023,51.491,24.000,,,,,,,,,,,,
74,2,5,2024,1413.979,211.654,0.000,186.728,112.443,186.728,36.556,34.280,60.021,24.000,,,,,,,,,,,,
73,3,5,2024,1148.168,243.487,0.002,137.484,96.762,137.484,70.971,38.102,38.623,24.000,,,,,,,,,,,,
72,4,5,2024,0.000,0.000,431.409,0.000,36.283,36.283,20.033,17.483,8.118,24.000,,,,,,,,,,,,
71,5,5,2024,0.000,0.003,459.433,0.000,29.403,29.403,22.142,19.606,6.061,24.000,,,,,,,,,,,,
70,6,5,2024,400.382,200.532,0.000,47.160,31.045,47.160,31.533,31.045,7.589,24.000,,,,,,,,,,,,
69,7,5,2024,932.184,326.527,0.000,131.509,94.128,131.509,27.382,61.747,38.534,24.000,,,,,,,,,,,,
68,8,5,2024,1074.072,200.653,0.000,126.656,59.397,126.656,74.322,33.048,36.205,24.000,,,,,,,,,,,,
67,9,5,2024,1088.377,229.466,0.000,175.459,71.082,175.459,31.128,38.880,52.582,24.000,,,,,,,,,,,,
66,10,5,2024,231.530,152.777,0.001,29.294,17.194,29.294,17.405,17.194,3.946,24.000,,,,,,,,,,,,
65,11,5,2024,0.000,0.000,341.116,0.000,28.978,28.978,18.670,16.090,5.504,24.000,,,,,,,,,,,,
64,12,5,2024,0.000,0.002,372.808,0.000,31.020,31.020,23.564,21.103,5.434,24.000,,,,,,,,,,,,
63,13,5,2024,921.853,236.286,0.000,123.831,68.942,123.831,36.367,36.637,38.348,24.000,,,,,,,,,,,,
62,14,5,2024,1003.877,218.672,0.000,115.973,82.204,115.973,55.817,33.637,33.643,24.000,,,,,,,,,,,,
61,15,5,2024,1034.562,255.088,0.000,129.934,76.895,129.934,61.134,43.555,34.873,24.000,,,,,,,,,,,,
60,16,5,2024,1198.168,267.396,0.000,168.079,91.597,168.079,34.573,34.470,53.294,24.000,,,,,,,,,,,,
59,17,5,2024,998.600,317.683,0.002,126.663,77.194,126.663,37.174,40.774,35.441,24.000,,,,,,,,,,,,
58,18,5,2024,0.000,0.000,491.328,0.000,48.661,48.661,20.537,23.019,13.127,24.000,,,,,,,,,,,,
57,19,5,2024,0.000,0.003,408.333,0.000,33.401,33.401,27.993,18.474,4.430,24.000,,,,,,,,,,,,
56,20,5,2024,1181.225,258.148,0.000,144.930,79.589,144.930,49.718,44.523,43.233,24.000,,,,,,,,,,,,
55,21,5,2024,1215.226,274.868,0.000,159.646,91.839,159.646,60.437,33.592,46.233,24.000,,,,,,,,,,,,
54,22,5,2024,417.143,194.616,0.000,50.900,27.646,50.900,30.797,27.646,12.970,24.000,,,,,,,,,,,,
53,23,5,2024,895.149,220.343,0.000,122.700,55.880,122.700,34.944,46.666,35.089,24.000,,,,,,,,,,,,
52,24,5,2024,810.500,210.862,0.003,108.088,69.664,108.088,20.234,26.028,32.539,24.000,,,,,,,,,,,,
51,25,5,2024,0.000,0.000,518.633,0.000,41.086,41.086,23.067,20.257,10.326,24.000,,,,,,,,,,,,
50,26,5,2024,0.000,0.001,413.145,0.000,32.198,32.198,27.371,22.941,6.205,24.000,,,,,,,,,,,,
49,27,5,2024,1042.344,213.599,0.000,147.894,78.983,147.894,40.333,40.589,39.906,24.000,,,,,,,,,,,,
48,28,5,2024,901.885,202.790,0.000,120.214,62.273,120.214,38.216,41.360,34.495,24.000,,,,,,,,,,,,
47,29,5,2024,715.009,197.397,0.000,100.599,55.718,100.599,35.292,29.076,22.274,24.000,,,,,,,,,,,,
46,30,5,2024,764.235,213.635,0.000,110.077,63.459,110.077,21.031,27.527,30.643,24.000,,,,,,,,,,,,
45,31,5,2024,580.847,179.785,0.002,91.437,56.200,91.437,18.085,31.424,24.337,24.000,,,,,,,,,,,,
44,1,6,2024,0.000,0.000,392.680,0.000,39.063,39.063,12.136,13.546,7.758,24.000,,,,,,,,,,,,
43,2,6,2024,0.000,0.003,535.112,0.000,57.797,57.797,15.030,27.241,11.920,24.000,,,,,,,,,,,,
42,3,6,2024,321.810,181.062,0.000,33.136,23.731,33.136,30.325,23.731,3.722,24.000,,,,,,,,,,,,
41,4,6,2024,1093.541,229.486,0.000,148.828,74.540,148.828,41.771,38.289,49.132,24.000,,,,,,,,,,,,
40,5,6,2024,1160.199,207.056,0.000,142.525,70.138,142.525,54.357,32.669,50.600,24.000,,,,,,,,,,,,
39,6,6,2024,1071.622,224.501,0.000,141.577,90.556,141.577,38.957,45.921,39.951,24.000,,,,,,,,,,,,
38,7,6,2024,1029.873,221.519,0.001,140.706,60.604,140.706,44.124,38.602,39.916,24.000,,,,,,,,,,,,
37,8,6,2024,0.000,0.000,380.202,0.000,47.382,47.382,14.155,11.953,15.269,24.000,,,,,,,,,,,,
36,9,6,2024,0.000,0.002,563.565,0.000,61.050,61.050,17.988,14.213,10.826,24.000,,,,,,,,,,,,
35,10,6,2024,968.925,197.010,0.000,135.094,79.196,135.094,39.960,30.429,46.441,24.000,,,,,,,,,,,,
34,11,6,2024,969.951,231.530,0.000,125.246,58.886,125.246,51.860,39.268,34.707,24.000,,,,,,,,,,,,
33,12,6,2024,1176.647,209.285,0.000,151.617,61.899,151.617,58.922,40.058,48.288,24.000,,,,,,,,,,,,
32,13,6,2024,1249.989,259.110,0.000,169.265,100.188,169.265,39.411,45.113,42.996,24.000,,,,,,,,,,,,
31,14,6,2024,1049.520,200.977,0.000,152.296,93.087,152.296,31.925,30.692,44.009,24.000,,,,,,,,,,,,
30,15,6,2024,0.000,0.000,359.076,0.000,50.318,50.318,14.605,13.396,10.726,24.000,,,,,,,,,,,,
29,16,6,2024,0.000,0.001,285.150,0.000,21.712,21.712,14.711,10.441,4.533,24.000,,,,,,,,,,,,
28,17,6,2024,663.394,141.421,0.000,97.207,27.677,97.207,22.300,22.687,29.090,24.000,,,,,,,,,,,,
27,18,6,2024,720.329,204.542,0.000,97.154,54.886,97.154,36.956,22.293,24.871,24.000,,,,,,,,,,,,
26,19,6,2024,1107.851,171.653,0.000,148.352,74.056,148.352,33.168,29.683,47.983,24.000,,,,,,,,,,,,
25,20,6,2024,1322.426,249.353,0.000,179.603,121.828,179.603,31.736,91.660,57.820,24.000,,,,,,,,,,,,
24,21,6,2024,872.099,160.853,0.002,118.665,81.687,118.665,22.353,36.362,28.587,24.000,,,,,,,,,,,,
23,22,6,2024,0.000,0.000,507.381,0.000,59.443,59.443,30.580,14.818,11.122,24.000,,,,,,,,,,,,
22,23,6,2024,0.000,0.001,612.015,0.000,69.702,69.702,19.362,23.392,7.627,24.000,,,,,,,,,,,,
21,24,6,2024,959.202,189.620,0.000,137.837,75.067,137.837,33.266,34.445,39.108,24.000,,,,,,,,,,,,
20,25,6,2024,1124.493,267.881,0.000,146.276,99.028,146.276,38.366,60.120,33.807,24.000,,,,,,,,,,,,
19,26,6,2024,802.929,181.570,0.000,104.611,70.927,104.611,33.337,26.108,32.934,24.000,,,,,,,,,,,,
18,27,6,2024,613.777,153.321,0.000,82.871,31.798,82.871,46.919,20.602,24.052,24.000,,,,,,,,,,,,
17,28,6,2024,875.793,186.023,0.001,117.591,64.719,117.591,22.631,34.847,32.036,24.000,,,,,,,,,,,,
16,29,6,2024,0.000,0.000,704.525,0.000,87.639,87.639,24.000,15.075,23.972,24.000,,,,,,,,,,,,
15,30,6,2024,0.000,0.003,764.782,0.000,89.190,89.190,30.242,15.597,20.391,24.000,,,,,,,,,,,,
14,1,7,2024,1418.760,291.922,0.000,222.764,194.495,222.764,25.109,55.854,58.298,24.000,,,,,,,,,,,,
13,2,7,2024,1479.657,278.415,0.000,215.622,147.898,215.622,49.403,44.551,59.507,24.000,,,,,,,,,,,,
12,3,7,2024,1412.264,324.539,0.000,221.259,199.511,221.259,84.980,63.812,64.684,24.000,,,,,,,,,,,,
11,4,7,2024,1352.219,277.212,0.000,204.485,169.982,204.485,55.847,45.042,53.676,24.000,,,,,,,,,,,,
10,5,7,2024,1317.085,269.128,0.003,178.073,130.461,178.073,46.873,35.217,44.880,24.000,,,,,,,,,,,,
9,6,7,2024,0.000,0.000,761.769,0.000,82.789,82.789,32.659,18.098,16.601,24.000,,,,,,,,,,,,
8,7,7,2024,0.000,0.001,795.329,0.000,82.401,82.401,22.902,19.553,17.931,24.000,,,,,,,,,,,,
7,8,7,2024,1416.361,251.324,0.000,202.429,154.829,202.429,22.962,40.772,51.906,24.000,,,,,,,,,,,,
6,9,7,2024,1758.819,308.218,0.000,249.970,164.887,249.970,51.835,47.658,68.091,24.000,,,,,,,,,,,,
5,10,7,2024,1238.920,291.972,0.000,185.087,138.697,185.087,60.840,54.322,49.657,24.000,,,,,,,,,,,,
4,11,7,2024,1523.770,290.439,0.000,193.891,124.887,193.891,68.315,52.955,54.250,24.000,,,,,,,,,,,,
3,12,7,2024,1565.923,259.129,0.002,207.782,125.203,207.782,50.327,38.075,55.295,24.000,,,,,,,,,,,,
2,13,7,2024,0.000,0.000,737.991,0.000,76.837,76.837,28.418,26.622,13.698,24.000,,,,,,,,,,,,
1,14,7,2024,0.000,0.003,829.921,0.000,98.345,98.345,25.614,20.029,24.757,24.000,,,,,,,,,,,,
1,15,7,2024,1387.681,247.831,0.000,209.739,108.047,209.739,35.528,33.573,57.167,24.000,,,,,,,,,,,,
25,16,7,2024,1527.282,285.695,0.000,217.050,120.151,217.050,55.397,33.915,60.855,24.000,,,,,,,,,,,,
24,17,7,2024,1339.695,280.219,0.000,163.301,113.226,163.301,75.238,57.063,46.200,24.000,,,,,,,,,,,,
23,18,7,2024,1251.329,296.810,0.000,185.359,115.607,185.359,55.822,54.424,47.587,24.000,,,,,,,,,,,,
22,19,7,2024,1420.343,315.037,0.003,182.409,128.441,182.409,56.300,43.123,42.710,24.000,,,,,,,,,,,,
21,20,7,2024,0.000,0.000,321.272,0.000,19.585,19.585,15.952,18.779,5.586,24.000,,,,,,,,,,,,
20,21,7,2024,0.000,0.003,579.950,0.000,56.273,56.273,20.880,16.712,9.759,24.000,,,,,,,,,,,,
19,22,7,2024,315.345,149.371,0.000,43.136,19.567,43.136,22.568,19.567,8.164,24.000,,,,,,,,,,,,
18,23,7,2024,1553.600,275.076,0.000,232.113,142.466,232.113,43.632,40.954,60.484,24.000,,,,,,,,,,,,
17,24,7,2024,1221.208,274.118,0.000,208.294,151.322,208.294,75.631,48.885,50.557,24.000,,,,,,,,,,,,
16,25,7,2024,1363.008,266.500,0.000,213.935,134.423,213.935,41.893,45.393,57.018,24.000,,,,,,,,,,,,
15,26,7,2024,1186.658,217.910,0.001,168.427,118.474,168.427,39.987,34.115,38.286,24.000,,,,,,,,,,,,
14,27,7,2024,0.000,0.000,504.790,0.000,57.124,57.124,20.831,10.685,11.920,24.000,,,,,,,,,,,,
13,28,7,2024,0.000,0.002,329.753,0.000,25.804,25.804,19.233,15.105,6.143,24.000,,,,,,,,,,,,
12,29,7,2024,172.353,125.576,0.000,18.099,21.200,18.099,13.486,21.200,6.457,24.000,,,,,,,,,,,,
11,30,7,2024,1424.177,252.127,0.000,202.570,117.297,202.570,40.504,33.878,57.173,24.000,,,,,,,,,,,,
10,31,7,2024,1336.032,306.717,0.000,206.767,153.733,206.767,62.468,46.172,57.312,24.000,,,,,,,,,,,,
9,1,8,2024,1681.709,308.568,0.000,238.491,139.103,238.491,60.623,62.278,60.132,24.000,,,,,,,,,,,,
8,2,8,2024,1554.991,263.275,0.002,205.386,128.977,205.386,75.456,45.492,56.282,24.000,,,,,,,,,,,,
7,3,8,2024,0.000,0.000,762.007,0.000,80.481,80.481,35.724,28.129,21.932,24.000,,,,,,,,,,,,
6,4,8,2024,0.000,0.003,855.514,0.000,94.511,94.511,30.728,28.207,25.455,24.000,,,,,,,,,,,,
5,5,8,2024,1437.859,241.943,0.000,193.911,98.163,193.911,50.078,29.766,53.851,24.000,,,,,,,,,,,,
4,6,8,2024,1582.560,248.172,0.000,231.278,123.979,231.278,48.376,45.795,58.030,24.000,,,,,,,,,,,,
3,7,8,2024,1207.285,280.616,0.000,167.548,131.183,167.548,83.972,61.957,46.022,24.000,,,,,,,,,,,,
2,8,8,2024,1601.638,232.019,0.000,214.685,114.158,214.685,54.193,37.263,55.879,24.000,,,,,,,,,,,,
1,9,8,2024,1549.699,265.098,0.003,201.267,103.565,201.267,56.458,58.238,52.220,24.000,,,,,,,,,,,,
106,10,8,2024,0.000,0.000,910.765,0.000,91.688,91.688,40.168,29.446,22.296,24.000,,,,,,,,,,,,
105,11,8,2024,0.000,0.000,559.619,0.000,59.670,59.670,21.008,24.245,13.603,24.000,,,,,,,,,,,,
104,12,8,2024,0.000,0.002,491.472,0.000,59.666,59.666,27.341,22.802,16.339,24.000,,,,,,,,,,,,
103,13,8,2024,1912.294,291.698,0.000,257.220,158.784,257.220,45.034,52.182,78.291,24.000,,,,,,,,,,,,
102,14,8,2024,1586.403,312.579,0.000,226.080,153.208,226.080,76.213,66.744,62.313,24.000,,,,,,,,,,,,
101,15,8,2024,1881.551,307.629,0.000,268.472,162.897,268.472,72.432,49.490,73.095,24.000,,,,,,,,,,,,
100,16,8,2024,1042.548,276.535,0.002,134.557,71.900,134.557,44.746,47.064,42.550,24.000,,,,,,,,,,,,
99,17,8,2024,0.000,0.000,789.416,0.000,99.079,99.079,24.329,21.990,28.186,24.000,,,,,,,,,,,,
98,18,8,2024,0.000,0.002,931.076,0.000,110.800,110.800,29.322,20.463,30.894,24.000,,,,,,,,,,,,
97,19,8,2024,2041.407,253.493,0.000,274.717,134.000,274.717,76.616,44.032,85.051,24.000,,,,,,,,,,,,
96,20,8,2024,1785.432,289.812,0.000,232.325,152.377,232.325,81.069,65.275,65.642,24.000,,,,,,,,,,,,
95,21,8,2024,1546.321,283.025,0.000,216.536,164.066,216.536,80.024,47.525,60.880,24.000,,,,,,,,,,,,
94,22,8,2024,1716.010,257.579,0.000,249.380,133.273,249.380,62.272,48.761,72.102,24.000,,,,,,,,,,,,
93,23,8,2024,1508.981,249.068,0.002,200.392,115.850,200.392,63.826,49.570,55.836,24.000,,,,,,,,,,,,
92,24,8,2024,0.000,0.000,768.378,0.000,88.186,88.186,30.012,25.621,23.332,24.000,,,,,,,,,,,,
91,25,8,2024,0.000,0.002,722.626,0.000,76.807,76.807,26.335,23.119,20.991,24.000,,,,,,,,,,,,
90,26,8,2024,1259.776,230.944,0.000,170.798,103.963,170.798,42.480,45.818,51.118,24.000,,,,,,,,,,,,
89,27,8,2024,1256.107,246.228,0.000,188.175,77.862,188.175,42.820,44.486,59.953,24.000,,,,,,,,,,,,
88,28,8,2024,1198.033,283.573,0.000,177.983,112.727,177.983,50.300,38.861,52.846,24.000,,,,,,,,,,,,
87,29,8,2024,1174.086,245.959,0.000,175.055,91.156,175.055,66.733,41.682,55.850,24.000,,,,,,,,,,,,
86,30,8,2024,1201.309,281.804,0.003,217.188,93.086,217.188,30.251,48.730,58.144,24.000,,,,,,,,,,,,
85,31,8,2024,0.000,0.000,708.453,0.000,78.059,78.059,30.760,27.499,20.811,24.000,,,,,,,,,,,,
84,1,9,2024,0.000,0.003,849.269,0.000,91.594,91.594,31.522,25.721,22.467,24.000,,,,,,,,,,,,
83,2,9,2024,1386.276,235.772,0.000,198.190,80.223,198.190,39.576,53.200,61.621,24.000,,,,,,,,,,,,
82,3,9,2024,1320.308,202.439,0.000,188.981,81.369,188.981,39.995,38.480,52.689,24.000,,,,,,,,,,,,
81,4,9,2024,1221.023,213.473,0.000,177.056,84.744,177.056,65.565,32.196,42.406,24.000,,,,,,,,,,,,
80,5,9,2024,1682.785,250.822,0.000,234.799,134.489,234.799,68.925,37.247,59.913,24.000,,,,,,,,,,,,
79,6,9,2024,1452.983,241.140,0.002,202.374,108.513,202.374,42.829,41.029,59.505,24.000,,,,,,,,,,,,
78,7,9,2024,0.000,0.000,741.088,0.000,82.873,82.873,30.470,15.289,23.824,24.000,,,,,,,,,,,,
77,8,9,2024,0.000,0.003,705.616,0.000,83.143,83.143,29.535,16.345,24.449,24.000,,,,,,,,,,,,
76,9,9,2024,1738.825,308.866,0.000,229.764,108.500,229.764,55.597,52.150,65.968,24.000,,,,,,,,,,,,
75,10,9,2024,1857.606,300.103,0.000,262.306,122.642,262.306,45.765,62.983,74.129,24.000,,,,,,,,,,,,
74,11,9,2024,1043.766,275.765,0.000,155.010,95.288,155.010,76.435,43.863,48.260,24.000,,,,,,,,,,,,
73,12,9,2024,1834.145,312.216,0.000,247.550,103.155,247.550,77.306,55.884,64.491,24.000,,,,,,,,,,,,
72,13,9,2024,1406.232,234.709,0.003,203.226,107.428,203.226,55.078,47.487,56.752,24.000,,,,,,,,,,,,
71,14,9,2024,0.000,0.000,1138.209,0.000,127.925,127.925,50.366,24.806,40.580,24.000,,,,,,,,,,,,
70,15,9,2024,0.000,0.003,817.499,0.000,88.945,88.945,28.951,20.972,20.850,24.000,,,,,,,,,,,,
69,16,9,2024,1526.039,209.177,0.000,209.134,86.189,209.134,33.230,22.894,51.930,24.000,,,,,,,,,,,,
68,17,9,2024,1776.125,255.485,0.000,232.520,121.878,232.520,50.512,46.218,62.801,24.000,,,,,,,,,,,,
67,18,9,2024,1162.328,227.726,0.000,168.607,93.517,168.607,45.294,32.437,47.861,24.000,,,,,,,,,,,,
66,19,9,2024,1629.647,255.884,0.000,208.967,114.963,208.967,62.939,31.979,54.318,24.000,,,,,,,,,,,,
65,20,9,2024,1574.705,217.327,0.001,217.010,91.053,217.010,63.826,29.648,59.257,24.000,,,,,,,,,,,,
64,21,9,2024,0.000,0.000,740.122,0.000,78.150,78.150,28.952,19.280,14.385,24.000,,,,,,,,,,,,
63,22,9,2024,0.000,0.003,782.162,0.000,81.544,81.544,39.382,17.718,18.370,24.000,,,,,,,,,,,,
62,23,9,2024,1418.853,206.448,0.000,182.004,79.025,182.004,49.815,24.877,49.473,24.000,,,,,,,,,,,,
61,24,9,2024,1468.464,242.508,0.000,217.640,97.969,217.640,49.850,31.696,61.546,24.000,,,,,,,,,,,,
60,25,9,2024,1218.266,225.383,0.000,169.535,85.643,169.535,57.249,29.882,36.884,24.000,,,,,,,,,,,,
59,26,9,2024,1579.416,235.622,0.000,212.656,103.353,212.656,62.822,35.491,54.758,24.000,,,,,,,,,,,,
58,27,9,2024,1419.937,225.513,0.002,191.955,92.317,191.955,59.406,33.652,52.921,24.000,,,,,,,,,,,,
57,28,9,2024,0.000,0.000,802.499,0.000,77.294,77.294,36.714,16.309,17.187,24.000,,,,,,,,,,,,
56,29,9,2024,0.000,0.004,688.678,0.000,71.437,71.437,23.628,19.743,14.654,24.000,,,,,,,,,,,,
55,30,9,2024,1681.231,244.877,0.000,219.871,102.230,219.871,60.047,48.694,60.444,24.000,,,,,,,,,,,,
54,1,10,2024,1797.584,280.255,0.000,256.032,143.303,256.032,48.554,53.743,72.724,24.000,,,,,,,,,,,,
53,2,10,2024,1408.775,262.318,0.000,186.037,104.376,186.037,79.760,46.065,49.656,24.000,,,,,,,,,,,,
52,3,10,2024,1443.044,248.238,0.000,190.356,111.599,190.356,53.792,29.065,46.354,24.000,,,,,,,,,,,,
51,4,10,2024,1196.513,210.173,0.002,158.224,90.632,158.224,62.112,23.155,46.515,24.000,,,,,,,,,,,,
50,5,10,2024,0.000,0.000,656.586,0.000,71.674,71.674,26.494,17.602,14.303,24.000,,,,,,,,,,,,
49,6,10,2024,0.000,0.002,632.836,0.000,73.483,73.483,22.994,25.005,14.759,24.000,,,,,,,,,,,,
48,7,10,2024,1477.897,228.866,0.000,193.479,99.854,193.479,48.598,39.342,57.222,24.000,,,,,,,,,,,,
47,8,10,2024,1705.848,281.318,0.000,235.256,95.724,235.256,58.094,43.370,62.698,24.000,,,,,,,,,,,,
46,9,10,2024,1356.511,275.926,0.000,202.295,115.460,202.295,52.861,47.512,52.225,24.000,,,,,,,,,,,,
45,10,10,2024,1583.405,259.995,0.000,207.622,115.138,207.622,81.962,39.140,54.453,24.000,,,,,,,,,,,,
44,11,10,2024,1409.814,245.464,0.002,190.934,132.057,190.934,40.224,29.422,50.531,24.000,,,,,,,,,,,,
43,12,10,2024,0.000,0.000,532.709,0.000,55.381,55.381,37.178,22.028,9.805,24.000,,,,,,,,,,,,
42,13,10,2024,0.000,0.001,347.556,0.000,29.448,29.448,26.237,25.550,5.331,24.000,,,,,,,,,,,,
41,14,10,2024,284.497,165.865,0.000,35.108,25.155,35.108,18.023,25.042,8.027,24.000,,,,,,,,,,,,
40,15,10,2024,1777.612,226.031,0.000,241.847,100.123,241.847,70.464,48.810,63.232,24.000,,,,,,,,,,,,
39,16,10,2024,1229.224,251.490,0.000,163.078,101.447,163.078,57.860,39.241,52.908,24.000,,,,,,,,,,,,
38,17,10,2024,1398.818,261.209,0.000,164.650,106.910,164.650,67.431,27.918,48.255,24.000,,,,,,,,,,,,
37,18,10,2024,1283.038,274.686,0.004,179.888,86.579,179.888,35.341,48.038,45.354,24.000,,,,,,,,,,,,
36,19,10,2024,0.000,0.000,756.603,0.000,79.630,79.630,22.332,21.119,17.532,24.000,,,,,,,,,,,,
35,20,10,2024,0.000,0.004,653.117,0.000,55.602,55.602,30.600,24.175,13.545,24.000,,,,,,,,,,,,
34,21,10,2024,1282.072,282.649,0.000,194.269,75.695,194.269,43.272,41.090,47.650,24.000,,,,,,,,,,,,
33,22,10,2024,1073.206,248.070,0.002,149.339,74.071,149.339,35.111,30.279,42.699,24.500,,,,,,,,,,,,
32,23,10,2024,0.000,0.003,568.747,0.000,49.941,49.941,20.985,23.367,8.901,24.000,,,,,,,,,,,,
31,24,10,2024,1062.338,300.072,0.000,150.028,138.993,150.028,42.880,66.179,47.286,24.000,,,,,,,,,,,,
30,25,10,2024,1013.534,296.274,0.003,148.360,134.612,148.360,37.695,55.763,40.906,24.000,,,,,,,,,,,,
29,26,10,2024,0.000,0.000,564.642,0.000,47.424,47.424,20.065,23.951,8.978,24.000,,,,,,,,,,,,
28,27,10,2024,0.000,0.004,543.608,0.000,46.008,46.008,24.680,20.005,10.421,24.000,,,,,,,,,,,,
27,28,10,2024,1404.450,328.371,0.000,195.745,169.289,195.745,61.489,54.294,58.767,24.000,,,,,,,,,,,,
26,29,10,2024,1315.482,292.285,0.000,167.984,127.888,167.984,75.231,63.364,42.370,24.000,,,,,,,,,,,,
25,30,10,2024,1041.858,260.377,0.000,149.402,107.474,149.402,34.770,38.308,41.638,24.000,,,,,,,,,,,,
24,31,10,2024,1047.098,303.812,0.000,161.489,124.955,161.489,32.526,55.282,47.130,24.000,,,,,,,,,,,,
23,1,11,2024,1141.215,275.034,0.005,148.423,103.900,148.423,42.422,58.604,42.330,24.000,,,,,,,,,,,,
22,2,11,2024,0.000,0.000,505.925,0.000,34.053,34.053,24.949,28.964,4.989,24.000,,,,,,,,,,,,
21,3,11,2024,0.000,0.001,450.525,0.000,33.977,33.977,20.911,16.726,5.536,24.000,,,,,,,,,,,,
20,4,11,2024,1000.593,266.123,0.000,151.598,81.302,151.598,33.097,49.869,45.269,24.000,,,,,,,,,,,,
19,5,11,2024,805.848,299.193,0.000,103.594,81.867,103.594,31.152,50.563,26.306,24.000,,,,,,,,,,,,
18,6,11,2024,770.569,287.578,0.000,86.432,69.884,86.432,41.925,45.892,23.586,24.000,,,,,,,,,,,,
17,7,11,2024,665.586,192.550,0.000,83.992,47.256,83.992,40.222,28.766,23.091,24.000,,,,,,,,,,,,
16,8,11,2024,735.819,209.314,0.001,99.296,61.918,99.296,26.764,43.740,29.525,24.000,,,,,,,,,,,,
15,9,11,2024,0.000,0.000,404.579,0.000,31.860,28.412,31.860,24.265,5.407,24.000,,,,,,,,,,,,
14,10,11,2024,0.000,0.002,638.456,0.000,55.864,55.864,19.722,19.496,7.747,24.000,,,,,,,,,,,,
13,11,11,2024,924.934,191.321,0.000,119.553,61.024,119.553,31.359,26.459,34.239,24.000,,,,,,,,,,,,
12,12,11,2024,764.374,236.497,0.000,94.728,74.309,94.728,31.212,29.230,25.608,24.000,,,,,,,,,,,,
11,13,11,2024,403.130,174.544,0.000,56.836,42.261,56.836,21.368,34.237,12.899,24.000,,,,,,,,,,,,
10,14,11,2024,367.666,158.288,0.000,48.678,39.060,48.678,23.574,25.312,9.159,24.000,,,,,,,,,,,,
9,15,11,2024,411.511,218.706,0.003,59.231,64.700,64.700,17.631,39.983,6.529,24.000,,,,,,,,,,,,
8,16,11,2024,0.000,0.000,515.242,0.000,53.815,53.815,14.164,19.831,8.519,24.000,,,,,,,,,,,,
7,17,11,2024,0.000,0.003,727.017,0.000,93.133,93.133,23.922,19.936,14.432,24.000,,,,,,,,,,,,
6,18,11,2024,1470.413,385.978,0.000,223.178,179.161,223.178,42.714,77.805,56.172,24.000,,,,,,,,,,,,
5,19,11,2024,1517.170,366.648,0.000,219.525,189.800,219.525,53.992,81.862,59.548,24.000,,,,,,,,,,,,
4,20,11,2024,1060.585,313.835,0.000,152.175,142.251,152.175,44.077,45.667,44.209,24.000,,,,,,,,,,,,
3,21,11,2024,1452.159,379.668,0.000,222.495,192.324,222.495,61.161,89.503,64.355,24.000,,,,,,,,,,,,
2,22,11,2024,1259.220,294.176,0.001,191.062,134.835,191.062,51.492,73.038,55.776,24.000,,,,,,,,,,,,
1,23,11,2024,0.000,0.000,704.164,0.000,67.503,67.503,29.699,18.779,16.105,24.000,,,,,,,,,,,,
10,24,11,2024,0.000,0.002,795.477,0.000,88.345,88.345,15.914,26.653,16.565,24.000,,,,,,,,,,,,
9,25,11,2024,1683.404,316.596,0.000,242.503,170.771,242.503,60.956,64.479,72.621,24.000,,,,,,,,,,,,
8,26,11,2024,1474.544,400.844,0.000,222.274,189.086,222.274,39.477,101.186,65.748,24.000,,,,,,,,,,,,
7,27,11,2024,841.327,281.443,0.000,127.051,114.259,127.051,34.280,43.875,40.545,24.000,,,,,,,,,,,,
6,28,11,2024,1364.755,343.677,0.000,191.439,178.582,191.439,45.558,77.333,57.340,24.000,,,,,,,,,,,,
5,29,11,2024,949.726,271.769,0.002,136.821,117.623,136.821,37.716,34.069,38.105,24.000,,,,,,,,,,,,
4,30,11,2024,0.000,0.000,559.248,0.000,47.775,47.775,24.723,22.217,7.767,24.000,,,,,,,,,,,,
3,1,12,2024,0.000,0.001,671.408,0.000,71.407,71.407,24.338,21.004,16.115,24.000,,,,,,,,,,,,
2,2,12,2024,1389.664,308.587,0.000,209.487,125.701,209.487,44.126,66.859,50.377,24.000,,,,,,,,,,,,
1,3,12,2024,1563.101,332.004,0.000,210.828,177.262,210.828,62.422,63.838,53.785,24.000,,,,,,,,,,,,
18,4,12,2024,1156.289,333.486,0.004,171.004,118.000,171.004,55.415,61.949,38.556,24.000,,,,,,,,,,,,
17,5,12,2024,0.000,0.004,496.493,0.000,34.790,34.790,27.040,23.753,5.233,24.000,,,,,,,,,,,,
16,6,12,2024,1581.196,333.621,0.003,230.136,184.042,230.136,61.636,77.275,69.666,24.000,,,,,,,,,,,,
15,7,12,2024,0.000,0.000,465.061,0.000,40.046,40.046,17.224,22.339,7.677,24.000,,,,,,,,,,,,
14,8,12,2024,0.000,0.003,660.841,0.000,70.675,70.675,31.315,21.242,22.781,24.000,,,,,,,,,,,,
13,9,12,2024,1365.340,279.028,0.002,193.568,151.146,193.568,38.094,47.842,54.780,24.000,,,,,,,,,,,,
12,10,12,2024,0.000,0.003,417.203,0.000,29.214,29.214,16.870,16.626,5.212,24.000,,,,,,,,,,,,
11,11,12,2024,1220.968,278.975,0.000,182.885,140.197,182.885,37.734,53.079,51.851,24.000,,,,,,,,,,,,
10,12,12,2024,1477.976,286.437,0.000,200.754,163.449,200.754,48.703,62.203,56.718,24.000,,,,,,,,,,,,
9,13,12,2024,1226.382,283.196,0.002,161.036,125.940,161.036,43.259,53.992,47.181,24.000,,,,,,,,,,,,
8,14,12,2024,0.000,0.000,698.634,0.000,59.753,59.753,40.572,26.218,12.026,24.000,,,,,,,,,,,,
7,15,12,2024,0.000,0.002,671.466,0.000,68.539,68.539,24.091,22.552,14.306,24.000,,,,,,,,,,,,
6,16,12,2024,1126.109,236.198,0.000,157.529,118.063,157.529,40.160,41.490,32.477,24.000,,,,,,,,,,,,
5,17,12,2024,1176.933,235.910,0.000,162.906,119.440,162.906,46.800,35.908,36.489,24.000,,,,,,,,,,,,
4,18,12,2024,604.144,211.208,0.000,93.510,69.291,93.510,39.006,31.513,21.203,24.000,,,,,,,,,,,,
3,19,12,2024,1219.262,243.988,0.000,164.248,114.414,164.248,53.237,38.825,37.760,24.000,,,,,,,,,,,,
2,20,12,2024,1024.832,224.488,0.001,128.733,107.768,128.733,45.654,42.084,31.944,24.000,,,,,,,,,,,,
1,21,12,2024,0.000,0.000,548.410,0.000,49.635,49.635,29.271,14.990,9.094,24.000,,,,,,,,,,,,
16,22,12,2024,0.000,0.003,586.953,0.000,58.287,58.287,19.087,14.360,11.388,24.000,,,,,,,,,,,,
15,23,12,2024,1073.782,223.120,0.000,157.175,88.969,157.175,46.201,45.549,29.442,24.000,,,,,,,,,,,,
14,24,12,2024,930.967,217.625,0.000,139.621,78.106,139.621,32.540,34.587,32.776,24.000,,,,,,,,,,,,
13,25,12,2024,880.597,247.226,0.000,120.816,80.591,120.816,35.302,28.876,25.539,24.000,,,,,,,,,,,,
12,26,12,2024,1144.351,250.886,0.000,165.515,87.547,165.515,38.816,35.629,40.336,24.000,,,,,,,,,,,,
11,27,12,2024,812.168,256.552,0.002,116.637,79.954,116.637,23.799,40.624,30.431,24.000,,,,,,,,,,,,
10,28,12,2024,0.000,0.000,328.069,0.000,21.071,21.071,14.220,16.353,4.377,24.000,,,,,,,,,,,,
9,29,12,2024,0.000,0.002,327.471,0.000,21.525,21.525,18.412,15.719,4.038,24.000,,,,,,,,,,,,
8,30,12,2024,160.198,134.896,0.002,15.741,13.969,15.741,15.698,13.969,2.770,24.000,,,,,,,,,,,,
7,31,12,2024,0.000,0.000,322.148,0.000,20.376,20.376,20.225,15.387,2.854,24.000,,,,,,,,,,,,
6,1,1,2025,0.000,0.002,329.941,0.000,19.052,19.052,14.845,16.578,2.850,24.000,,,,,,,,,,,,
5,2,1,2025,800.865,230.026,0.000,105.049,88.648,105.049,29.839,40.229,25.604,24.000,,,,,,,,,,,,
4,3,1,2025,898.394,218.475,0.004,118.315,80.754,118.315,47.027,41.330,28.143,24.000,,,,,,,,,,,,
3,4,1,2025,0.000,0.000,441.677,0.000,37.501,37.501,20.141,14.363,5.719,24.000,,,,,,,,,,,,
2,5,1,2025,0.000,0.000,526.328,0.000,53.924,53.924,20.370,16.147,11.679,24.000,,,,,,,,,,,,
1,6,1,2025,28.541,183.720,0.000,97.137,77.868,97.137,0.000,43.734,19.170,9.300,,,,,,,,,,,,
